Title,Author,My Rating,Average Rating,Date Read,Date Added,Genre,Status
The DevOps Handbook,"Gene Kim, et al",,4.0,,10/10/2025,engineering,to-read
Building secure and reliable systems,Heather Adkins,,4.0,,4/13/2025,engineering,to-read
A woman of no importance,Sonia Purnell,,4.0,,9/8/2024,"western-biography, thriller",to-read
The idea of the brain,Matthew Cobb,,4.0,,9/8/2024,brain,to-read
Other minds: the octopus and the evolution of intelligent life,Peter Godfrey-Smith,,4.0,,9/8/2024,"biology,brain",to-read
Automotive technology: a systems approach,Jack Erjavec,,4.0,,9/8/2024,"engineering,textbook",to-read
Self-help is like a vaccine,Bryan Caplan,,4.0,,9/8/2024,society,to-read
Outlive,Peter Attia,,4.0,,1/1/2024,science,to-read
Northern Spy,Flynn Berry,,4.0,,8/2/2024,thriller,to-read
Investment under uncertainty,"Avinash Dixit,Robert Pindyck",,4.0,,06/12/2024,maths,to-read
Bangkok 8,John Burdett,,4.0,,03/08/2024,eastern-fiction,to-read
Thinking in bets,Annie Duke,,4.0,,03/08/2024,"brain,maths",to-read
The garden of tales,Vijaydan Detha,,4.0,,09/10/2023,indian-fiction,to-read
Sovereigns of the sea,Seema Alavi,,4.0,,09/10/2023,eastern-history,to-read
Deep work,Cal Newport,,4.0,,09/10/2023,brain,to-read
Say Nothing,Patrick Keefe,,4.4,,7/8/2023,western-history,to-read
How do we know ourselves?,David Myers,,4.0,,12/24/2022,brain,to-read
The Lion House,Christopher de Bellaigue,,4.0,,12/11/2022,eastern-history,to-read
Hell of a book,Jason Mott,,4.1,,12/04/2022,fiction,to-read
Apocalypse Factory,Steve Olson,,4.0,,10/04/2022,western-history,to-read
What we owe the future,William MacAskill,,4.1,,08/16/2022,philosophy,to-read
Over the edge of the world,Laurence Bergreen,,4.1,,08/15/2022,eastern-history,to-read
Build: An unorthodox guide to making things,Tony Fadell,,4.0,,06/25/2022,"management,product",to-read
The overstory,Richard Powers,,4.1,,01/01/2022,fiction,to-read
Moral tribes,Joshua Greene,,4.0,,12/10/2021,philosophy,to-read
Blueprint: How DNA makes us who we are,Robert Plomin,,4.0,,11/13/2021,"genetics,biology",to-read
Winter Tide,Ruthanna Emrys,,3.8,,11/07/2021,science-fiction,to-read
Games of life,Karl Sigmund,,4.0,,10/31/2021,maths,to-read
Artificial intelligence: A modern approach,"Stuart Russell,Peter Norvig",,4.2,,10/10/2021,"science,textbook",to-read
Forgotten armies: The fall of British Asia,"C. A. Bayly, Tim Harper",,3.9,,5/15/2021,eastern-history,to-read
Tasting freedom: Octavius Catto,"Daniel Biddle,Murray Dubin",,4.2,,5/9/2021,black-biography,to-read
"The Balkans: Nationalism, War and the Great Powers",Misha Glenny,,4.1,,4/24/2021,eastern-history,to-read
Quicksand: America's pursuit of power in the Middle East,Geoffrey Wawro,,4.1,,4/8/2021,western-history,to-read
Before she knew him,Peter Swanson,,3.9,,3/20/2021,thriller,to-read
Ready for anything,David Allen,,3.9,,2/15/2021,self-improvement,to-read
Storytelling with data,Cole Nussbaumer Knaflic,,4.3,,10/22/2020,design,to-read
The walking dead,Gerald Seymour,,3.9,,9/26/2020,thriller,to-read
Oryx and Crake,Margaret Atwood,,4.0,,8/1/2020,science-fiction,to-read
Clean hands,Patrick Hoffman,,3.9,,6/7/2020,thriller,to-read
The Sixth Conspirator,Max Byrd,,4.0,,9/2/2019,western-history,to-read
A different drummer,William Melvin Kelley,,4.2,,7/2/2019,fiction,to-read
Conviction,Denise Mina,,4.1,,6/22/2019,thriller,to-read
Bull Mountain,Brian Panowich,,4.0,,5/4/2019,thriller,to-read
This Is Marketing: You Can't Be Seen Until You Learn to See,Seth Godin,,4.1,,11/18/2018,"marketing,management",to-read
Anatomy of a Miracle: The End of Apartheid,Patti Waldmeir,,4.1,,8/15/2018,eastern-history,to-read
Freshwater,Akwaeke Emezi,,4.0,,2/11/2018,thriller,to-read
Fatherland,Robert Harris,,4.0,,1/13/2018,fiction,to-read
"Ivan's War: Life and Death in the Red Army,1939-1945",Catherine Merridale,,4.0,,4/1/2017,eastern-history,to-read
Thus Bad Begins,Javier Marias,,4.0,,11/6/2016,thriller,to-read
The rise and reign of the mammals,Steve Brusatte,,4.0,,07/25/2022,"biology,science",to-read
The Makioka Sisters,Junichiro Tanizaki,,4.0,,5/13/2017,japanese-fiction,to-read
Structures or why things don't fall down,J. E. Gordon,,4.0,,6/21/2025,engineering,to-read
Fundamentals of software architecture,"Mark Richards,Neal Ford",,4.3,,01/29/2022,"software,engineering,textbook",reading
The sense of style,Steven Pinker,,4.0,,09/10/2023,society,reading
From the American System to Mass Production,David Hounshell,5,4.5,11/01/2025,9/1/2025,western-history,read
Enlightenment now,Steven Pinker,5,4.5,10/17/2025,10/1/2025,western-history,read
Statistics as principled argument,Robert Abelson,1,4.1,07/01/2025,6/23/2023,maths,read
Pragmatic thinking and learning,Andy Hunt,5,4.0,09/01/2025,03/08/2024,brain,read
Chrysler: The Life and Times of an Automotive Genius,Vincent Curcio,5,4.1,9/1/2025,9/1/2025,western-biography,read
Nimitz at war,Craig Symonds,5,4.4,7/30/2025,05/30/2022,western-history,read
Sloan rules,Henry Farber,5,4.0,5/20/2025,5/20/2025,western-biography,read
Henry Ford,Vincent Curcio,5,4.0,6/21/2025,5/20/2025,western-biography,read
Stone mattress,Margaret Atwood,5,4.0,6/10/2025,5/20/2025,western-fiction,read
The sleep prescription,Arik Prather,5,4.0,04/13/2025,04/13/2025,science,read
The gatekeepers,Chris Whipple,5,4.0,04/13/2025,04/13/2025,western-history,read
King Richard,Michael Dobbs,5,4.0,4/13/2025,4/13/2025,western-history,read
Secure software systems,Erik Fretheim,2,4.0,1/5/2025,12/25/2024,"software,engineering",read
Amos Walker: The Complete Story Collection,Loren D. Estleman,1,4.1,1/4/2025,7/17/2016,thriller,read
"Talking to the enemy: faith, brotherhood,and the (un)making of terrorists",Scott Atran,1,4.0,12/14/2024,9/23/2021,society,read
A cartoon history of the universe,Larry Gonick,2,4.3,12/14/2024,12/17/2021,"eastern-history,western-history",read
Crossing Point,James Glickman,4,4.3,12/01/2024,11/12/2017,fiction,read
The Grid,Philip Schewe,4,4.0,11/11/2024,11/11/2024,"engineering,books-to-read-again",read
Magdalena: River of dreams,Wade Davis,2,4.4,10/26/2024,9/6/2020,society,read
Only the paranoid survive,Andrew Grove,2,4.0,10/26/2024,10/26/2024,management,read
Becoming Trader Joe,Joe Coulombe,5,4.0,10/14/2024,10/14/2024,management,read
The law of innocence,Michael Connelly,5,4.0,8/25/2024,8/25/2024,thriller,read
The shadow district,Arnaldur Indridasson,4,4.0,8/20/2024,8/20/2024,thriller,read
Life on a young planet: the first 3 billion years,Andrew Knoll,1,4.0,08/20/2024,02/09/2022,biology,read
"Knowledge,reality and value",Michael Huemer,5,4.1,8/16/2024,4/8/2021,"philosophy,textbook,books-to-read-again",read
"The vital question: Energy, evolution and the origins of complex life",Nickane,1,4.2,08/01/2024,10/3/2021,"genetics,biology",read
An introduction to decision theory,Martin Peterson,5,3.8,08/07/2024,12/18/2021,"maths,textbook,books-to-read-again",read
Life 3.0: Being Human in the Age of Artificial Intelligence,Max Tegmark,1,4.1,8/2/2024,11/18/2017,brain,read
The Florentines,Paul Strathern,5,4.1,8/2/2024,10/1/2017,western-biography,read
Shape,Jordan Ellenberg,5,4.0,7/20/2024,7/20/2024,maths,read
How big things get done,Bent Flyvbjerg,5,4.0,7/25/2024,2/20/2023,"management,books-to-read-again",read
Scaling people,Claire Hughes Johnson,3,4.4,7/5/2024,7/8/2023,management,read
The missing billionaires,Victor Haghani,4,4.0,6/20/2024,05/01/2024,"maths,finance,textbook,books-to-read-again",read
Trillion dollar coach,"Eric Schmidt,Jonathan Rosenberg",4,4.0,06/05/2024,06/05/2024,management,read
High output management,Andrew Grove,5,4.0,05/30/2024,05/30/2024,management,read
Measure what matters,John Doerr,4,4.0,04/10/2024,7/8/2023,management,read
Bubble or revolution?,Neel Mehta,5,4.0,03/30/2024,03/30/2024,"finance,maths,books-to-read-again",read
Business model generation,Alex Osterwalder,5,4.2,01/01/2024,02/27/2022,"management,books-to-read-again",read
The silk roads,Peter Frankopan,2,4.0,06/12/2024,08/11/2023,eastern-history,read
How the world really works,Vaclav Smil,5,4.0,01/01/2024,7/8/2023,science,read
The rebellious life of Mrs. Rosa Parks,Jeanne Theoharis,5,4.0,01/10/2024,01/10/2024,black-biography,read
Working backwards,"Colin Bryar,Bill Carr",5,4.4,02/01/2024,3/20/2021,"management,books-to-read-again",read
King,Jonathan Eig,5,4.0,1/12/2024,1/12/2024,"black-biography,books-to-read-again",read
Crucial Conversations,Kerry Patterson,5,4.0,11/01/2023,08/09/2017,"management,books-to-read-again",read
An honorable man,Paul Vidich,4,4.0,12/15/2023,12/01/2022,espionage,read
The Art of Action,Stephen Bungay,2,4.3,12/01/2023,8/9/2019,management,read
Models of the mind,Grace Lindsay,5,4.4,06/01/2023,03/13/2022,"brain,books-to-read-again",read
The big picture,Sean B. Carroll,5,4.2,07/01/2023,02/12/2022,"science,books-to-read-again",read
Ponniyil Selvan - book 1,Kalki,5,5.0,7/20/2023,7/20/2023,indian-fiction,read
The diamond eye,Kate Quinn,3,4.3,7/5/2023,2/17/2019,thriller,read
A failed empire,Vladislav Zubok,3,3.9,02/15/2023,11/14/2022,eastern-history,read
Lenin the dictator,Victor Sebestyen,5,4.2,11/25/2022,01/13/2022,eastern-history,read
Nuclear Folly,Serhii Plokhy,5,4.2,10/04/2022,09/15/2022,western-history,read
Who gets what and why,Alvin Roth,3,3.9,09/15/2022,08/14/2022,"economics,games",read
Culture map,Erin Meyer,5,4.4,9/5/2022,12/22/2020,"management,books-to-read-again",read
These women,Ivy Pochoda,5,4.3,7/25/2022,5/11/2020,thriller,read
The Elephant in the Brain,Kevin Simler,5,4.2,7/18/2022,7/30/2018,brain,read
Tumbling,Diane McKinney-Whetstone,4,4.2,4/15/2022,4/5/2017,fiction,read
Infectious: Pathogens and how we fight them,John Tregoning,1,4.0,04/10/2022,12/12/2021,biology,read
The Best Place to Work: The Art and Science of Creating an Extraordinary Workplace,Ron Friedman,5,4.2,7/7/2022,4/12/2015,management,read
Strategic Management,"Charles Hill,Gareth Jones,Melissa Schilling",5,4.5,3/22/2022,10/2/2019,"strategy,management,textbook,books-to-read-again",read
Confessions,Kanae Minato,4,4.1,2/21/2022,8/16/2014,thriller,read
Your inner fish,Neil Shubin,5,4.0,2/12/2022,12/04/2021,"biology,books-to-read-again",read
Sync: the emerging science of social order,Steven Strogatz,2,4.0,1/27/2022,12/04/2021,maths,read
The dead are arising: The life of Malcolm X,Les Payne,4,4.3,01/24/2022,3/20/2021,black-biography,read
Alan Turing: The Enigma,Andrew Hodges,4,3.7,01/12/2022,01/12/2022,"western-biography,maths",read
Fundamentals,Frank Wilczek,1,4.0,12/25/2021,12/20/2021,physics,read
Designing data-intensive applications,Martin Kleppmann,5,4.5,01/15/2022,12/10/2021,"software,engineering,textbook,books-to-read-again",read
The burning room,Michael Connelly,4,4.0,11/22/2021,11/22/2021,thriller,read
Leaving Berlin,Joseph Kanon,4,3.8,12/18/2021,12/04/2021,espionage,read
Many thousands gone: A history of slavery,Ira Berlin,5,4.1,11/26/2021,12/27/2020,black-history,read
I contain multitudes: the microbes within us,Ed Yong,2,4.1,11/12/2021,10/3/2021,biology,read
Shuggie Bain,Douglas Stuart,3,4.4,12/07/2021,12/22/2020,fiction,read
The Transformation of the World: A Global History of the Nineteenth Century,Jurgen Osterhammel,2,4.2,12/18/2021,5/24/2014,western-history,read
Seiobo There Below,Laszlo Krasznahorkai,1,4.3,11/30/2021,11/2/2013,fiction,read
Game theory: an introduction,Steve Tadelis,5,4.0,11/20/2021,8/30/2020,"maths,textbook,books-to-read-again",read
Algorithms to Live By: The Computer Science of Human Decisions,Brian Christian,5,4.2,10/10/2021,1/22/2017,"maths,books-to-read-again",read
The spy and the traitor,Ben MacIntyre,5,4.5,9/30/2021,9/30/2021,eastern-biography,read
Osman's dream: A history of the Ottoman Empire,Carolin Finkel,2,3.7,9/22/2021,12/22/2020,eastern-history,read
Transcendent kingdom,Yaa Gyasi,3,4.2,9/8/2021,9/8/2021,fiction,read
Why Meditate?: Working with Thoughts and Emotions,Matthieu Ricard,3,4.0,8/25/2021,8/17/2017,buddhism,read
Climate Change: What everyone needs to know,Joseph Romm,4,4.2,8/20/2021,8/20/2021,science,read
False Alarm,Bjorn Lomborg,5,4.3,8/10/2021,8/10/2021,economics,read
The Happiness Hypothesis,Jonathan Haidt,4,4.1,7/25/2021,3/24/2019,"philosophy,books-to-read-again",read
The white man's burden,William Easterly,2,3.8,7/7/2021,7/7/2021,economics,read
Heat: How to stop the planet from burning,George Monbiot,3,4.1,7/5/2021,7/5/2021,science,read
Open borders,Bryan Caplan,5,4.2,6/26/2021,6/26/2021,society,read
Poor economics,"Abhijit Banerjee,Esther Duflo",5,4.2,6/23/2021,6/23/2021,economics,read
Practical Ethics,Peter Singer,5,4.1,6/18/2021,6/18/2021,"philosophy,books-to-read-again",read
The life you can save,Peter Singer,5,4.5,5/29/2021,5/29/2021,"philosophy,books-to-read-again",read
Dialogues on ethical vegetarianism,Michael Huemer,5,4.6,5/21/2021,7/8/2019,philosophy,read
You Are Not a Stranger Here,Adam Haslett,5,4.0,5/20/2021,5/1/2016,fiction,read
Consciousness and the social brain,Michael Graziano,3,4.2,5/10/2021,9/15/2019,brain,read
The Human Predicament: A Candid Guide to Life's Biggest Questions,David Benatar,5,4.0,4/24/2021,9/1/2017,philosophy,read
The art of war,Sun Tzu,3,4.0,4/20/2021,4/20/2021,"strategy,management",read
On Grand Strategy,John Lewis Gaddis,2,3.8,4/17/2021,4/17/2021,"strategy,management",read
Still Alice,Lisa Genova,4,4.3,4/16/2021,5/13/2018,fiction,read
Napoleon: A Life,Andrew Roberts,4,4.1,4/5/2021,10/14/2018,western-history,read
Superforecasting: The Art and Science of Prediction,Philip E. Tetlock,5,4.1,3/6/2021,9/26/2015,"science,books-to-read-again",read
"Scale: The Universal Laws of Growth,Innovation,Sustainability",Geoffrey West,2,4.2,3/3/2021,11/18/2017,science,read
The Cold War: A new history,John Lewis Gaddis,5,4,2/20/2021,12/27/2020,western-history,read
Imperial twilight: the opium war,Stephen Platt,5,4.3,2/15/2021,1/14/2020,"eastern-history,books-to-read-again",read
A burning,Megha Majumdar,4,3.9,2/13/2021,7/21/2020,indian-fiction,read
The Crossing,Michael Connelly,4,4.2,2/10/2021,2/10/2021,thriller,read
Bismarck: the man and the statesman,A. P. J. Taylor,2,3.8,1/15/2021,1/15/2021,western-history,read
Good talk,Mira Jacob,4,4.0,1/12/2021,1/12/2021,indian-society,read
Emperor of Japan: Meiji and his world,Gordon Keene,2,4,1/10/2021,12/22/2020,eastern-history,read
A Peace to End All Peace: The Fall Of The Ottoman Empire And The Creation Of The Modern Middle East,David Fromkin,3,4.2,1/10/2021,6/18/2017,eastern-history,read
"Old Man's War (Old Man's War,#1)",John Scalzi,4,4.2,1/5/2021,10/22/2017,science-fiction,read
The War That Ended Peace: The Road to 1914,Margaret MacMillan,5,4.2,12/27/2020,12/30/2018,"western-history,books-to-read-again",read
Identical,Scott Turow,3,4.1,12/25/2020,5/11/2020,thriller,read
The wrong side of goodbye,Michael Connelly,4,4,12/16/2020,12/16/2020,thriller,read
Half of a yellow sun,Chimamanda Ngozi Adichie,3,4,12/11/2020,12/1/2020,african-fiction,read
A troubled man,Henning Menkell,4,4.0,11/25/2020,10/22/2020,scandinavian-thriller,read
Leonardo da Vinci,Walter Isaacson,2,4.0,11/20/2020,10/1/2017,western-biography,read
Infidel,Ayaan Hirsi Ali,2,4.2,11/6/2020,1/20/2019,eastern-biography,read
I'm traveling alone,Samuel Bjork,5,4.0,10/25/2020,7/27/2020,scandinavian-thriller,read
Homegoing,Yaa Gyasi,5,4.4,10/11/2020,4/2/2017,black-fiction,read
Secondhand time: The last of the Soviets,Svetlana Alexievich,1,4.4,10/1/2020,6/7/2020,society,read
Bloodmoney,David Ignatius,4,4.0,9/25/2020,9/25/2020,espionage,read
"Foundryside (Founders,#1)",Robert Jackson Bennett,2,4.3,9/20/2020,10/14/2018,science-fiction,read
The idea factory,Jon Gertner,5,4.2,9/6/2020,8/22/2020,science,read
Extreme Ownership,"Jocko Willink,Leif Babin",1,4.3,8/7/2020,8/17/2019,self-improvement,read
After Tamerlane: The Global History of Empire Since 1405,John Darwin,5,4.0,8/5/2020,6/21/2015,eastern-history,read
Edison,Edmund Morris,4,3.5,6/30/2020,6/13/2020,"science,western-biography",read
Basho's Haiku,Basho,2,4.0,6/23/2020,6/23/2020,poetry,read
Altruism: The Power of Compassion to Change Yourself and the World,Matthieu Ricard,2,4.3,6/13/2020,6/13/2015,"buddhism,philosophy",read
The Rising Sun,John Toland,4,4.2,6/7/2020,11/7/2019,eastern-history,read
Testimony,Scott Turow,4,3.7,6/1/2020,6/1/2020,thriller,read
The Narrow Road to the Deep North,Richard Flanagan,4,4.0,3/30/2020,12/30/2014,fiction,read
The Righteous Mind,Jonathan Haidt,5,4.2,3/5/2020,3/24/2019,"society,brain",read
Last Stories,William Trevor,5,4.0,2/7/2020,5/13/2018,eastern-fiction,read
Pushkin Hills,Sergei Dovlatov,3,4.2,1/19/2020,7/19/2014,eastern-fiction,read
Country Dark,Chris Offutt,5,4.2,1/12/2020,4/8/2018,fiction,read
The Illicit Happiness of Other People,Manu Joseph,2,4.1,1/5/2020,10/15/2016,indian-fiction,read
The Sports Gene: Inside the Science of Extraordinary Athletic Performance,David Epstein,5,4.2,1/2/2020,7/27/2013,"genetics,sports",read
Midnight's children,Salman Rushdie,3,4.0,12/5/2019,9/2/2019,indian-fiction,read
The Immortal Life of Henrietta Lacks,Rebecca Skloot,3,4.1,12/5/2019,11/4/2011,science,read
Inspired: How To Create Products Customers Love,Marty Cagan,4,4.2,12/1/2019,12/30/2018,product,read
The Underground Railroad,Colson Whitehead,5,4.0,11/22/2019,12/31/2016,black-fiction,read
Between the world and me,Ta-Nehisi Coates,3,4.4,10/30/2019,10/15/2019,black-biography,read
Stalin: The Court of the Red Tsar,Simon Sebag Montefiore,1,4.2,10/23/2019,8/20/2017,eastern-biography,read
"Being Nobody,Going Nowhere: Meditations on the Buddhist Path",Ayya Khema,4,4.3,10/13/2019,11/5/2017,buddhism,read
The tiger's wife,Tea Obreht,3,3.4,9/23/2019,8/17/2019,fiction,read
Escaping the Build Trap,Melissa Perri,4,4.4,9/15/2019,8/9/2019,product,read
The History of Money,Jack Weatherford,2,3.9,9/15/2019,12/18/2011,western-history,read
Behave: The Biology of Humans at Our Best and Worst,Robert M. Sapolsky,2,4.4,9/10/2019,11/18/2017,brain,read
Nutshell,Ian McEwan,3,3.7,9/2/2019,9/3/2016,fiction,read
The Burgess Boys,Elizabeth Strout,5,3.6,8/12/2019,7/15/2019,fiction,read
Leadership: In Turbulent Times,Doris Kearns Goodwin,2,4.4,8/10/2019,12/30/2018,western-biography,read
"Moriarty (Sherlock Holmes,#2)",Anthony Horowitz,3,3.8,7/15/2019,9/24/2017,thriller,read
Measuring & Managing Performance in Organizations,Robert D. Austin,3,4.0,7/6/2019,3/5/2014,process,read
The Problem of Political Authority: An Examination of the Right to Coerce and the Duty to Obey,Michael Huemer,5,4.6,6/28/2019,9/1/2014,philosophy,read
The Romanovs,Simon Sebag Montefiore,2,4.1,6/10/2019,6/8/2019,eastern-history,read
The Great Game: The struggle for empire in Central Asia,Peter Hopkirk,4,4.3,6/7/2019,1/20/2019,eastern-history,read
The Quantum Spy,David Ignatius,5,3.7,5/22/2019,11/11/2017,espionage,read
"The Fifth Season (The Broken Earth,#1)",N. K. Jemisin,5,4.3,3/17/2019,11/5/2017,science-fiction,read
Ambiguity Machines and Other Stories,Vandana Singh,2,4.0,2/17/2019,12/30/2018,science-fiction,read
The Tsar of Love and Techno,Anthony Marra,5,4.3,2/1/2019,3/17/2018,fiction,read
What Is the Name of This Book?,Raymond M. Smullyan,4,4.3,10/1/2018,7/3/2013,brain,read
Empire: How Britain Made the Modern World,Niall Ferguson,4,3.9,9/18/2018,1/13/2018,"western-history,books-to-read-again",read
The Product Manager's Desk Reference,Steven Haines,5,3.8,8/28/2018,7/24/2018,product,read
An Era of Darkness: The British Empire in India,Shashi Tharoor,4,4.2,8/28/2018,1/13/2018,indian-history,read
Unfinished Empire: The Global Expansion of Britain,John Darwin,5,4.0,8/13/2018,7/15/2018,eastern-history,read
"The Twenty-Three (Promise Falls,#3)",Linwood Barclay,4,4.0,6/16/2018,6/17/2018,thriller,read
"Far From True (Promise Falls,#2)",Linwood Barclay,4,3.9,6/3/2018,6/16/2018,thriller,read
"Broken Promise (Promise Falls,#1)",Linwood Barclay,4,3.9,5/26/2018,12/10/2017,thriller,read
Maximum City: Bombay Lost and Found,Suketu Mehta,4,3.9,5/11/2018,3/25/2018,indian-society,read
Why the Law Is So Perverse,Leo Katz,3,3.4,2/21/2018,12/3/2011,society,read
A Fine Balance,Rohinton Mistry,5,4.4,2/13/2020,10/10/2011,indian-fiction,read
"ADKAR: A Model for Change in Business,Government and our Community",Jeffrey Hiatt,5,3.9,2/10/2018,1/18/2018,management,read
"The Hostage (Presidential Agent,#2)",W.E.B. Griffin,1,4.1,1/8/2018,10/14/2017,thriller,read
"Warcross (Warcross,#1)",Marie Lu,4,4.2,11/30/2017,11/9/2017,kids,read
Caleb's Crossing,Geraldine Brooks,1,3.8,8/17/2017,8/17/2017,fiction,read
"A Wild Sheep Chase (The Rat,#3)",Haruki Murakami,1,3.9,7/2/2017,8/11/2017,japanese-fiction,read
Peopleware: Productive Projects and Teams,Tom DeMarco,3,4.2,9/5/2016,10/15/2011,software,read
The Heart of the Matter,Graham Greene,4,4.0,8/9/2016,8/5/2017,espionage,read
Raylan,Elmore Leonard,2,3.7,11/30/2015,1/21/2012,thriller,read
The Creative Habit: Learn It and Use It for Life,Twyla Tharp,1,4.0,8/22/2015,12/10/2011,brain,read
The Design of Everyday Things,Donald A. Norman,4,4.2,5/5/2015,11/4/2011,design,read
"Brain Rules: 12 Principles for Surviving and Thriving at Work,Home,and School",John Medina,3,4.0,11/20/2014,2/8/2012,brain,read
Armchair Economist: Economics & Everyday Life,Steven E. Landsburg,4,3.8,9/23/2014,4/13/2012,economics,read
Aerogrammes: and Other Stories,Tania James,5,3.7,8/16/2014,7/4/2017,indian-fiction,read
Of Mice and Men,John Steinbeck,5,3.9,3/31/2014,11/4/2011,fiction,read
"Rise of Kali: Duryodhana's Mahabharata (Epic of the Kaurava Clan #2)",Anand Neelakantan,1,4.2,1/17/2014,7/2/2017,indian-fiction,read
Sociobiology: The New Synthesis,Edward O. Wilson,1,4.1,1/1/2014,4/8/2012,"science,textbook",read
"The Maze of Bones  (The 39 Clues,#1)",Rick Riordan,3,3.8,1/1/2014,4/2/2012,kids,read
"In Too Deep (The 39 Clues,#6)",Jude Watson,3,4.0,1/1/2014,3/22/2012,kids,read
"The Black Circle (The 39 Clues,#5)",Patrick Carman,3,4.0,1/1/2014,3/9/2012,kids,read
"Mornings on Horseback: The Story of an Extraordinary Family,a Vanished Way of Life,and the Unique Child Who Became Theodore Roosevelt",David McCullough,2,4.1,1/1/2014,1/20/2012,western-history,read
"Ender's Game (Ender's Saga,#1)",Orson Scott Card,2,4.3,1/1/2014,12/19/2011,science-fiction,read
"The Hitchhiker's Guide to the Galaxy (Hitchhiker's Guide to the Galaxy,#1)",Douglas Adams,5,4.2,1/1/2014,12/19/2011,fiction,read
A People's History of the United States,Howard Zinn,5,4.1,1/1/2014,12/19/2011,society,read
Genome: the Autobiography of a Species in 23 Chapters,Matt Ridley,4,4.0,1/1/2014,12/19/2011,"genetics,biology",read
"Freakonomics: A Rogue Economist Explores the Hidden Side of Everything (Freakonomics,#1)",Steven D. Levitt,4,4.0,1/1/2014,12/19/2011,economics,read
Bel Canto,Ann Patchett,2,3.9,1/1/2014,12/19/2011,fiction,read
Eye of the Needle,Ken Follett,4,4.2,1/1/2014,12/5/2011,thriller,read
The Inheritance of Loss,Kiran Desai,4,3.4,1/1/2014,12/3/2011,indian-fiction,read
"The Black Echo (Harry Bosch,#1; Harry Bosch Universe,#1)",Michael Connelly,4,4.1,1/1/2014,11/27/2011,thriller,read
On Intelligence: How a New Understanding of the Brain Will Lead to the Creation of Truly Intelligent Machines,Jeff Hawkins,4,4.1,1/1/2014,11/22/2011,brain,read
The Art of Project Management,Scott Berkun,4,4.0,1/1/2014,11/22/2011,management,read
Small Is Beautiful: Economics as if People Mattered,Ernst F. Schumacher,1,4.1,1/1/2014,11/17/2011,society,read
"The Ugly Truth (Diary of a Wimpy Kid,#5)",Jeff Kinney,3,4.2,1/1/2014,11/14/2011,kids,read
"Dog Days (Diary of a Wimpy Kid,#4)",Jeff Kinney,3,4.2,1/1/2014,11/14/2011,kids,read
"The Last Straw (Diary of a Wimpy Kid,#3)",Jeff Kinney,3,4.1,1/1/2014,11/14/2011,kids,read
"Rodrick Rules (Diary of a Wimpy Kid,#2)",Jeff Kinney,3,4.1,1/1/2014,11/14/2011,kids,read
Flesh and Blood,Michael Cunningham,2,4.0,1/1/2014,11/14/2011,fiction,read
"Diary of a Wimpy Kid (Diary of a Wimpy Kid,#1)",Jeff Kinney,3,4.0,1/1/2014,11/14/2011,kids,read
The Hours,Michael Cunningham,4,3.9,1/1/2014,11/14/2011,fiction,read
The Great Indian Novel,Shashi Tharoor,2,3.9,1/1/2014,11/13/2011,fiction,read
Snow,Orhan Pamuk,3,3.6,1/1/2014,11/13/2011,eastern-fiction,read
The Silent Raga,Ameen Merchant,4,3.5,1/1/2014,11/13/2011,indian-fiction,read
The C Programming Language,Brian W. Kernighan,5,4.4,1/1/2014,11/4/2011,"software,textbook",read
"A Pattern Language: Towns,Buildings,Construction",Christopher W. Alexander,2,4.4,1/1/2014,11/4/2011,design,read
The Emperor of All Maladies: A Biography of Cancer,Siddhartha Mukherjee,1,4.3,1/1/2014,11/4/2011,biology,read
"Kane and Abel (Kane and Abel,#1)",Jeffrey Archer,5,4.3,1/1/2014,11/4/2011,thriller,read
The Clean Coder: A Code of Conduct for Professional Programmers,Robert C. Martin,3,4.3,1/1/2014,11/4/2011,software,read
The Shock Doctrine: The Rise of Disaster Capitalism,Naomi Klein,2,4.2,1/1/2014,11/4/2011,economics,read
The Man Who Knew Infinity: A Life of the Genius Ramanujan,Robert Kanigel,5,4.2,1/1/2014,11/4/2011,eastern-biography,read
A Brief History of Time,Stephen Hawking,4,4.2,1/1/2014,11/4/2011,physics,read
From Beirut to Jerusalem,Thomas L. Friedman,4,4.1,1/1/2014,11/4/2011,eastern-history,read
The Making of a Chef: Mastering Heat at the Culinary Institute of America,Michael Ruhlman,4,4.1,1/1/2014,11/4/2011,society,read
"The Rise and Decline of Nations: Economic Growth,Stagflation,and Social Rigidities",Mancur Olson,4,4.0,1/1/2014,11/4/2011,economics,read
"Not a Penny More,Not a Penny Less",Jeffrey Archer,5,4.0,1/1/2014,11/4/2011,thriller,read
"The Prodigal Daughter (Kane & Abel,#2)",Jeffrey Archer,4,3.9,1/1/2014,11/4/2011,thriller,read
A Matter of Honor,Jeffrey Archer,4,3.9,1/1/2014,11/4/2011,thriller,read
Independence Day,Richard Ford,4,3.9,1/1/2014,11/4/2011,fiction,read
A House for Mr Biswas,V.S. Naipaul,4,3.8,1/1/2014,11/4/2011,indian-fiction,read
Funny in Farsi: A Memoir of Growing Up Iranian in America,Firoozeh Dumas,4,3.8,1/1/2014,11/4/2011,eastern-biography,read
"A Country of Vast Designs: James K. Polk,the Mexican War and the Conquest of the American Continent",Robert W. Merry,2,3.8,1/1/2014,11/4/2011,western-biography,read
"Shall We Tell the President? (Kane & Abel,#3)",Jeffrey Archer,4,3.7,1/1/2014,11/4/2011,thriller,read
The Sportswriter,Richard Ford,4,3.7,1/1/2014,11/4/2011,fiction,read
The Pleasures and Sorrows of Work,Alain de Botton,4,3.6,1/1/2014,11/4/2011,philosophy,read
Waiting,Ha Jin,5,3.5,1/1/2014,11/4/2011,eastern-fiction,read
"Harry Potter and the Deathly Hallows (Harry Potter,#7)",J.K. Rowling,5,4.6,1/1/2014,10/29/2011,fiction,read
"Harry Potter and the Half-Blood Prince (Harry Potter,#6)",J.K. Rowling,5,4.6,1/1/2014,10/29/2011,fiction,read
"Harry Potter and the Prisoner of Azkaban (Harry Potter,#3)",J.K. Rowling,5,4.6,1/1/2014,10/29/2011,fiction,read
"Harry Potter and the Goblet of Fire (Harry Potter,#4)",J.K. Rowling,5,4.5,1/1/2014,10/29/2011,fiction,read
"Harry Potter and the Order of the Phoenix (Harry Potter,#5)",J.K. Rowling,3,4.5,1/1/2014,10/29/2011,fiction,read
"Harry Potter and the Sorcerer's Stone (Harry Potter,#1)",J.K. Rowling,4,4.5,1/1/2014,10/29/2011,fiction,read
"Harry Potter and the Chamber of Secrets (Harry Potter,#2)",J.K. Rowling,4,4.4,1/1/2014,10/29/2011,fiction,read
Randamoozham,M. T. Vasudevan Nair,5,4.3,1/1/2014,10/29/2011,indian-fiction,read
The Rise and Fall of the Third Reich: A History of Nazi Germany,William L. Shirer,5,4.2,1/1/2014,10/29/2011,western-history,read
"The Eagle Has Landed (Liam Devlin,#1)",Jack Higgins,4,4.2,1/1/2014,10/29/2011,thriller,read
Cuckold,Kiran Nagarkar,4,4.2,1/1/2014,10/29/2011,indian-fiction,read
Into Thin Air: A Personal Account of the Mount Everest Disaster,Jon Krakauer,4,4.1,1/1/2014,10/29/2011,western-biography,read
Interpreter of Maladies,Jhumpa Lahiri,5,4.1,1/1/2014,10/29/2011,indian-fiction,read
Where Eagles Dare,Alistair MacLean,4,4.1,1/1/2014,10/29/2011,thriller,read
Unaccustomed Earth,Jhumpa Lahiri,5,4.1,1/1/2014,10/29/2011,indian-fiction,read
Blindness,Jose Saramago,4,4.1,1/1/2014,10/29/2011,fiction,read
"The Spy Who Came In from the Cold (George Smiley,#3)",John le Carre,4,4.1,1/1/2014,10/29/2011,espionage,read
"Guns,Germs,and Steel: The Fates of Human Societies",Jared Diamond,5,4.0,1/1/2014,10/29/2011,society,read
Naalukettu,M.T. Vasudevan Nair,3,4.0,1/1/2014,10/29/2011,indian-fiction,read
An Ordinary Person's Guide to Empire,Arundhati Roy,4,4.0,1/1/2014,10/29/2011,indian-history,read
The Namesake,Jhumpa Lahiri,3,4.0,1/1/2014,10/29/2011,indian-fiction,read
The Glass Palace,Amitav Ghosh,3,4.0,1/1/2014,10/29/2011,indian-fiction,read
The Algebra of Infinite Justice,Arundhati Roy,4,4.0,1/1/2014,10/29/2011,indian-history,read
India: A History,John Keay,4,4.0,1/1/2014,10/29/2011,indian-history,read
Kuttiedathi and Other Stories,M.T. Vasudevan Nair,3,3.9,1/1/2014,10/29/2011,indian-fiction,read
The God of Small Things,Arundhati Roy,3,3.9,1/1/2014,10/29/2011,indian-fiction,read
Funny Boy,Shyam Selvadurai,4,3.9,1/1/2014,10/29/2011,fiction,read
The Russia House,John le Carre,4,3.9,1/1/2014,10/29/2011,espionage,read
The Demon Seed and Other Writings,M.T. Vasudevan Nair,4,3.9,1/1/2014,10/29/2011,indian-fiction,read
Love in the Time of Cholera,Gabriel Garcia Marquez,4,3.9,1/1/2014,10/29/2011,fiction,read
Kaalam,M.T. Vasudevan Nair,3,3.9,1/1/2014,10/29/2011,indian-fiction,read
The Shadow Lines,Amitav Ghosh,4,3.8,1/1/2014,10/29/2011,indian-fiction,read
Manju,M.T. Vasudevan Nair,3,3.8,1/1/2014,10/29/2011,indian-fiction,read
Cinnamon Gardens,Shyam Selvadurai,4,3.8,1/1/2014,10/29/2011,fiction,read
Zen and the Art of Motorcycle Maintenance: An Inquiry Into Values,Robert M. Pirsig,3,3.8,1/1/2014,10/29/2011,philosophy,read
Swimming in the Monsoon Sea,Shyam Selvadurai,4,3.7,1/1/2014,10/29/2011,fiction,read
Ravan & Eddie,Kiran Nagarkar,4,3.7,1/1/2014,10/29/2011,indian-fiction,read
Why Is Sex Fun? The Evolution of Human Sexuality (Science Masters),Jared Diamond,4,3.7,1/1/2014,10/29/2011,"genetics,biology",read
Vaikom Muhammad Basheer (Katha Classics),Vaikom Muhammad Basheer,4,3.5,1/1/2014,10/29/2011,indian-fiction,read
The Day of the Jackal,Frederick Forsyth,5,4.3,1/1/2014,10/19/2011,thriller,read
The Odessa File,Frederick Forsyth,4,4.1,1/1/2014,10/19/2011,thriller,read
The Fourth Protocol,Frederick Forsyth,4,4.0,1/1/2014,10/19/2011,thriller,read
The Fist of God,Frederick Forsyth,3,4.0,1/1/2014,10/19/2011,thriller,read
The Deceiver,Frederick Forsyth,3,4.0,1/1/2014,10/19/2011,thriller,read
The Negotiator,Frederick Forsyth,3,4.0,1/1/2014,10/19/2011,thriller,read
The Dogs of War,Frederick Forsyth,4,4.0,1/1/2014,10/19/2011,thriller,read
Avenger,Frederick Forsyth,3,3.9,1/1/2014,10/19/2011,thriller,read
Icon,Frederick Forsyth,4,3.9,1/1/2014,10/19/2011,thriller,read
The Afghan,Frederick Forsyth,3,3.7,1/1/2014,10/19/2011,thriller,read
Cannery Row,John Steinbeck,3,4.0,1/1/2014,10/18/2011,fiction,read
Middlesex,Jeffrey Eugenides,4,4.0,1/1/2014,10/18/2011,fiction,read
The Grapes of Wrath,John Steinbeck,5,3.9,1/1/2014,10/18/2011,fiction,read
Atonement,Ian McEwan,5,3.9,1/1/2014,10/18/2011,fiction,read
The Innocent,Ian McEwan,5,3.7,1/1/2014,10/18/2011,fiction,read
Saturday,Ian McEwan,4,3.6,1/1/2014,10/18/2011,fiction,read
Enduring Love,Ian McEwan,4,3.6,1/1/2014,10/18/2011,fiction,read
On Chesil Beach,Ian McEwan,4,3.6,1/1/2014,10/18/2011,fiction,read
Amsterdam,Ian McEwan,4,3.4,1/1/2014,10/18/2011,fiction,read
Solar,Ian McEwan,4,3.2,1/1/2014,10/18/2011,fiction,read
The Mythical Man-Month: Essays on Software Engineering,Frederick P. Brooks Jr.,4,4.1,1/1/2014,10/16/2011,software,read
The Pragmatic Programmer: From Journeyman to Master,Andy Hunt,5,4.3,1/1/2014,10/15/2011,"software,books-to-read-again",read
Software Craftsmanship: The New Imperative,Pete McBreen,5,3.9,1/1/2014,10/15/2011,software,read
The Systems Bible: The Beginner's Guide to Systems Large and Small: Being the Third Edition of Systemantics,John Gall,1,4.0,1/1/2014,10/10/2011,engineering,read
The Risk Pool,Richard Russo,4,4.0,1/1/2014,10/10/2011,fiction,read
Straight Man,Richard Russo,4,4.0,1/1/2014,10/10/2011,fiction,read
Family Matters,Rohinton Mistry,5,4.0,1/1/2014,10/10/2011,indian-fiction,read
Affliction,Russell Banks,4,4.0,1/1/2014,10/10/2011,fiction,read
Such a Long Journey,Rohinton Mistry,4,4.0,1/1/2014,10/10/2011,indian-fiction,read
Swimming Lessons and Other Stories from Firozsha Baag,Rohinton Mistry,4,3.9,1/1/2014,10/10/2011,indian-fiction,read
Empire Falls,Richard Russo,5,3.9,1/1/2014,10/10/2011,fiction,read
Bridge of Sighs,Richard Russo,4,3.8,1/1/2014,10/10/2011,fiction,read
The Whore's Child and Other Stories,Richard Russo,4,3.7,1/1/2014,10/10/2011,fiction,read
That Old Cape Magic,Richard Russo,4,3.3,1/1/2014,10/10/2011,fiction,read
Free to Choose: A Personal Statement,Milton Friedman,5,4.2,1/1/2014,10/8/2011,"economics,books-to-read-again",read
The Blind Watchmaker: Why the Evidence of Evolution Reveals a Universe Without Design,Richard Dawkins,4,4.1,1/1/2014,10/8/2011,"genetics,biology",read
The God Delusion,Richard Dawkins,5,3.9,1/1/2014,10/8/2011,"science,books-to-read-again",read
Truman,David McCullough,5,4.1,1/1/2014,10/7/2011,western-biography,read
The Moral Animal: Why We Are the Way We Are: The New Science of Evolutionary Psychology,Robert Wright,5,4.1,1/1/2014,10/7/2011,"genetics,biology,books-to-read-again",read
The Third Chimpanzee: The Evolution and Future of the Human Animal,Jared Diamond,4,4.1,1/1/2014,10/7/2011,"genetics,biology",read
John Adams,David McCullough,5,4.1,1/1/2014,10/7/2011,western-biography,read
The Structure of Scientific Revolutions,Thomas S. Kuhn,2,4.0,1/1/2014,10/7/2011,science,read
How the Mind Works,Steven Pinker,2,4.0,1/1/2014,10/7/2011,brain,read
The Language of God: A Scientist Presents Evidence for Belief,Francis S. Collins,2,3.8,1/1/2014,10/7/2011,science,read
"Artemis Fowl (Artemis Fowl,#1)",Eoin Colfer,3,3.8,1/1/2014,10/7/2011,fiction,read
The Corrections,Jonathan Franzen,4,3.8,1/1/2014,10/7/2011,fiction,read
Freedom,Jonathan Franzen,4,3.7,1/1/2014,10/7/2011,fiction,read
The White Tiger,Aravind Adiga,4,3.7,1/1/2014,10/7/2011,indian-fiction,read
Getting Things Done: The Art of Stress-Free Productivity,David Allen,5,4.0,12/27/2013,6/16/2017,self-improvement,read
"A Foreign Country (Thomas Kell,#1)",Charles Cumming,5,3.8,12/14/2013,6/13/2017,espionage,read
Bourgeois Dignity: Why Economics Can't Explain the Modern World,Deirdre N. McCloskey,3,4.1,11/3/2013,11/4/2011,economics,read
This Sweet Sickness,Patricia Highsmith,5,3.8,10/5/2013,10/10/2011,fiction,read
Eight Mindful Steps to Happiness: Walking the Path of the Buddha,Henepola Gunaratana,3,4.3,8/11/2013,4/2/2017,buddhism,read
Washington: A Life,Ron Chernow,2,4.1,8/10/2013,2/11/2012,western-biography,read
The Warmth of Other Suns: The Epic Story of America's Great Migration,Isabel Wilkerson,2,4.3,6/18/2013,11/4/2011,black-history,read
Government versus Markets: A Contemporary and Historical Perspective,Vito Tanzi,2,4.0,6/18/2013,10/10/2011,economics,read
The Believing Brain: From Ghosts and Gods to Politics and Conspiracies How We Construct Beliefs and Reinforce Them as Truths,Michael Shermer,2,3.9,6/7/2013,10/10/2011,science,read
Iron River,T. Jefferson Parker,4,3.6,5/19/2013,2/10/2017,thriller,read
Five Plays: Kamala; Silence! the Court Is in Session; Sakharam Binder; The Vultures; Encounter in Umbugland,Vijay Tendulkar,3,4.1,4/28/2013,12/18/2016,indian-fiction,read
The Amazing Adventures of Kavalier & Clay,Michael Chabon,2,4.2,4/8/2013,11/27/2016,fiction,read
What the Buddha Taught,Walpola Rahula,2,4.2,3/30/2013,11/8/2016,buddhism,read
Lost Memory of Skin,Russell Banks,5,3.6,3/30/2013,10/10/2011,fiction,read
Underground Airlines,Ben H. Winters,2,3.8,2/23/2013,11/4/2016,black-fiction,read
Happiness: A Guide to Developing Life's Most Important Skill,Matthieu Ricard,5,4.1,2/11/2013,10/28/2016,buddhism,read
"Old Boys (Paul Christopher #9)",Charles McCarry,4,3.8,2/4/2013,9/26/2016,espionage,read
Flood of Fire,Amitav Ghosh,5,4.1,2/4/2013,9/17/2016,indian-fiction,read
The Elements of Style,William Strunk Jr.,5,4.2,2/4/2013,8/9/2016,"design,textbook",read
Asura: Tale Of The Vanquished,Anand Neelakantan,4,3.6,2/4/2013,8/2/2016,indian-fiction,read
"The Hangman's Daughter (The Hangman's Daughter,#1)",Oliver Potzsch,1,3.7,2/4/2013,7/24/2016,fiction,read
Connectome: How the Brain's Wiring Makes Us Who We Are,Sebastian Seung,1,3.8,1/20/2013,2/5/2012,brain,read
Good Strategy Bad Strategy: The Difference and Why It Matters,Richard P. Rumelt,5,4.2,10/14/2024,10/10/2011,"strategy,management,books-to-read-again",read
"Stagestruck (Peter Diamond,#11)",Peter Lovesey,3,3.7,11/11/2012,10/10/2011,thriller,read
Red Earth and Pouring Rain,Vikram Chandra,1,3.8,10/16/2012,10/15/2011,indian-fiction,read
River of Smoke,Amitav Ghosh,5,3.9,9/28/2012,7/17/2016,indian-fiction,read
Love and Longing in Bombay,Vikram Chandra,2,3.6,9/27/2012,6/20/2016,indian-fiction,read
Hatchet,Gary Paulsen,3,3.7,9/21/2012,4/2/2016,kids,read
"The Dilbert Principle: A Cubicle's-Eye View of Bosses,Meetings,Management Fads & Other Workplace Afflictions",Scott Adams,3,3.9,9/19/2012,3/9/2016,management,read
"The Other Son (Brinkmann Trilogy #2)",Alexander Soderberg,5,3.5,9/19/2012,3/5/2016,scandinavian-thriller,read
Spycatcher: The Candid Autobiography of a Senior Intelligence Officer,Peter Maurice Wright,1,3.7,8/27/2012,3/5/2016,western-biography,read
"What If?: The World's Foremost Historians Imagine What Might Have Been (What If #1)",Robert Cowley,3,3.7,8/27/2012,1/17/2016,western-history,read
The Honourable Company: a History of the English East India Company,John Keay,2,3.7,8/27/2012,10/29/2011,eastern-history,read
The Halo Effect,Philip M. Rosenzweig,4,3.9,6/19/2012,2/17/2012,"management,books-to-read-again",read
The Sweet Hereafter,Russell Banks,4,3.9,6/13/2012,12/18/2015,fiction,read
The Selfish Gene,Richard Dawkins,5,4.1,6/13/2012,10/8/2011,"genetics,biology",read
Life of Pi,Yann Martel,4,3.9,5/26/2012,12/18/2015,indian-fiction,read
Los Alamos,Joseph Kanon,5,3.8,5/17/2012,12/6/2015,espionage,read
The Odd Number: Thirteen Tales by Guy de Maupassant,Guy de Maupassant,3,3.5,5/17/2012,11/30/2015,fiction,read
"The Big Questions: Tackling the Problems of Philosophy with Ideas from Mathematics,Economics and Physics",Steven E. Landsburg,4,3.5,5/15/2012,11/22/2011,economics,read
The Absolutely True Diary of a Part-Time Indian,Sherman Alexie,4,4.1,5/10/2012,10/8/2015,kids,read
Last Man in Tower,Aravind Adiga,3,3.5,5/5/2012,10/10/2011,indian-fiction,read
"One False Note (The 39 Clues,#2)",Gordon Korman,3,3.9,4/11/2012,4/9/2012,kids,read
"L.A. Outlaws (Charlie Hood,#1)",T. Jefferson Parker,4,3.7,4/8/2012,9/19/2015,thriller,read
Principles of Digital Audio,Ken Pohlmann,1,3.9,4/2/2012,9/4/2015,engineering,read
"The Viper's Nest (39 Clues,#7)",Peter Lerangis,3,4.0,3/30/2012,3/24/2012,kids,read
Where Good Ideas Come from: The Natural History of Innovation,Steven Johnson,5,4.0,3/30/2012,11/22/2011,management,read
Organization Theory Design,Richard L. Daft,3,3.7,3/22/2012,8/25/2015,management,read
Adapt: Why Success Always Starts with Failure,Tim Harford,2,3.9,3/18/2012,3/13/2012,economics,read
More Sex Is Safer Sex: The Unconventional Wisdom of Economics,Steven E. Landsburg,4,3.5,3/13/2012,3/6/2012,economics,read
The Checklist Manifesto: How to Get Things Right,Atul Gawande,4,4.0,3/9/2012,8/22/2015,management,read
Freedomnomics: Why the Free Market Works and Other Half-baked Theories Don't,John R. Lott Jr.,4,3.6,3/5/2012,3/1/2012,economics,read
Invasion of the Body,Nicholas L. Tilney,2,3.5,3/1/2012,10/10/2011,biology,read
"Beyond the Grave (The 39 Clues #4)",Jude Watson,3,3.9,2/26/2012,2/25/2012,kids,read
Fair Play,Steven E. Landsburg,4,3.7,2/24/2012,11/22/2011,economics,read
"Thinking, Fast and Slow",Daniel Kahneman,5,4.1,2/19/2012,10/15/2011,"brain,books-to-read-again",read
"The House of Silk (Sherlock Holmes,#1)",Anthony Horowitz,5,4.0,1/30/2012,12/25/2011,thriller,read
Thomas Jefferson: The Art of Power,Jon Meacham,4,4.0,1/20/2012,7/19/2015,western-biography,read
The Marriage Plot,Jeffrey Eugenides,3,3.4,1/20/2012,10/18/2011,fiction,read
Strong Motion,Jonathan Franzen,2,3.5,1/5/2012,11/22/2011,fiction,read
Land's End: A Walk in Provincetown,Michael Cunningham,2,3.8,12/19/2011,7/2/2015,fiction,read
"The Honey Guide (Mollel,#1)",Richard Crompton,4,3.7,12/19/2011,6/6/2015,thriller,read
"The Leopard (Harry Hole,#8)",Jo Nesbo,2,4.1,12/19/2011,6/1/2015,scandinavian-thriller,read
"The Potter's Field (Inspector Montalbano,#13)",Andrea Camilleri,2,4.0,12/19/2011,5/23/2015,thriller,read
"Buried Prey (Lucas Davenport,#21)",John Sandford,4,4.2,12/19/2011,5/18/2015,thriller,read
CMMI for Development: Guidelines for Process Integration and Product Improvement,Mary Beth Chrissis,5,3.5,12/19/2011,4/15/2015,"process,books-to-read-again",read
To Engineer Is Human: The Role of Failure in Successful Design,Henry Petroski,2,3.7,12/19/2011,11/4/2011,science,read
Steve Jobs,Walter Isaacson,4,4.1,12/7/2011,10/15/2011,western-biography,read
System Engineering Management,Benjamin S. Blanchard,1,3.9,12/5/2011,4/9/2015,engineering,read
Getting to Yes: Negotiating Agreement Without Giving In,Roger Fisher,1,3.9,12/3/2011,3/28/2015,management,read
Between the Assassinations,Aravind Adiga,4,3.3,11/30/2011,10/10/2011,indian-fiction,read
Lonesome Dove,Larry McMurtry,1,4.5,11/27/2011,2/28/2015,fiction,read
"Nine Dragons (Harry Bosch,#14; Harry Bosch Universe,#20)",Michael Connelly,3,4.0,11/22/2011,2/22/2015,thriller,read
HBR's 10 Must Reads: The Essentials,Harvard Business School Press,4,4.0,11/22/2011,2/11/2015,management,read
The Hills of Angheri,Kavery Nambisan,2,3.1,11/21/2011,10/7/2011,indian-fiction,read
"Cabin Fever (Diary of a Wimpy Kid,#6)",Jeff Kinney,3,4.2,11/19/2011,11/18/2011,kids,read
"The Overlook (Harry Bosch,#13; Harry Bosch Universe,#17)",Michael Connelly,3,3.9,11/17/2011,1/27/2015,thriller,read
The Quality Toolbox,Nancy R. Tague,4,4.3,11/14/2011,12/4/2014,process,read
"Slack: Getting Past Burnout,Busywork,and the Myth of Total Efficiency",Tom DeMarco,4,4.0,11/14/2011,12/4/2014,management,read
"Tinker,Tailor,Soldier,Spy",John le Carre,1,4.1,11/14/2011,11/29/2014,espionage,read
"The Geneva Option (Yael Azoulay #1)",Adam LeBor,2,3.5,11/14/2011,11/29/2014,espionage,read
The Sleepwalker's Guide to Dancing,Mira Jacob,5,4.0,11/14/2011,11/12/2014,indian-fiction,read
Software Requirements: Practical Techniques for Gathering and Managing Requirements Throughout the Product Development Cycle. (Pro-Best Practices),Karl Wiegers,3,4.0,11/14/2011,11/7/2014,software,read
"Bad Blood (Virgil Flowers,#4)",John Sandford,5,4.2,11/14/2011,10/30/2014,thriller,read
The Autograph Man,Zadie Smith,1,3.2,11/13/2011,10/29/2014,fiction,read
Scaling Up Excellence: Getting to More Without Settling for Less,Robert I. Sutton,3,3.8,11/13/2011,10/2/2014,management,read
Black Dogs,Ian McEwan,1,3.4,11/13/2011,9/23/2014,fiction,read
Andrew Carnegie,David Nasaw,2,4.0,11/13/2011,10/29/2011,western-history,read
The Consolations of Philosophy,Alain de Botton,1,4.0,11/4/2011,9/8/2014,philosophy,read
The Children Act,Ian McEwan,4,3.7,11/4/2011,9/5/2014,fiction,read
Why Does the World Exist?: An Existential Detective Story,Jim Holt,3,3.8,11/4/2011,8/30/2014,philosophy,read
Anthony Blunt: His Lives,Miranda Carter,1,4.0,11/4/2011,8/16/2014,western-biography,read
The Organized Mind: Thinking Straight in the Age of Information Overload,Daniel J. Levitin,2,3.7,11/4/2011,8/16/2014,brain,read
Djibouti,Elmore Leonard,2,3.0,11/4/2011,8/11/2014,thriller,read
"The Laws of Simplicity: Design,Technology,Business,Life",John Maeda,2,3.9,11/4/2011,7/31/2014,design,read
The Story of Philosophy: The Lives and Opinions of the World's Greatest Philosophers,Will Durant,1,4.1,11/4/2011,7/27/2014,philosophy,read
A Brief History of Thought: A Philosophical Guide to Living,Luc Ferry,2,4.0,11/4/2011,7/27/2014,philosophy,read
Think: A Compelling Introduction to Philosophy,Simon Blackburn,2,3.8,11/4/2011,7/22/2014,philosophy,read
"Sea of Poppies (Ibis Trilogy,#1)",Amitav Ghosh,5,3.9,11/4/2011,7/1/2014,indian-fiction,read
"Wolf Hall (Thomas Cromwell,#1)",Hilary Mantel,1,3.9,11/4/2011,6/22/2014,fiction,read
The Child in Time,Ian McEwan,4,3.6,11/4/2011,6/22/2014,fiction,read
Killshot,Elmore Leonard,4,3.7,11/4/2011,6/8/2014,thriller,read
The Principles of Product Development Flow: Second Generation Lean Product Development,Donald G. Reinertsen,4,4.2,11/4/2011,6/5/2014,process,read
"Jack of Spies (Jack McColl,#1)",David Downing,4,3.5,11/4/2011,5/24/2014,espionage,read
Clouds of Glory: The Life and Legend of Robert E. Lee,Michael Korda,4,4.2,11/4/2011,5/18/2014,western-biography,read
The Snow Queen,Michael Cunningham,4,3.1,11/4/2011,5/11/2014,fiction,read
The Toyota Way: 14 Management Principles from the World's Greatest Manufacturer,Jeffrey K. Liker,4,4.0,11/4/2011,4/13/2014,management,read
"Creativity,Inc.: Overcoming the Unseen Forces That Stand in the Way of True Inspiration",Ed Catmull,5,4.2,11/4/2011,4/12/2014,management,read
"Spies of the Balkans (Night Soldiers,#11)",Alan Furst,2,3.9,11/4/2011,4/9/2014,thriller,read
The Practice of Management,Peter F. Drucker,4,4.2,11/4/2011,3/18/2014,management,read
Software Estimation: Demystifying the Black Art,Steve McConnell,3,4.0,10/29/2011,3/15/2014,software,read
Night Train,Martin Amis,4,3.2,10/29/2011,3/6/2014,thriller,read
The Myths of Innovation,Scott Berkun,3,3.8,10/29/2011,2/23/2014,science,read
Team of Rivals: The Political Genius of Abraham Lincoln,Doris Kearns Goodwin,5,4.3,10/29/2011,1/22/2014,western-biography,read
Breakfast at Tiffany's,Truman Capote,5,3.9,10/29/2011,1/17/2014,fiction,read
"Frelseren (Harry Hole,#6)",Jo Nesbo,4,4.1,10/29/2011,12/29/2013,scandinavian-thriller,read
The Veteran,Frederick Forsyth,4,3.9,10/29/2011,12/27/2013,thriller,read
The Kill List,Frederick Forsyth,4,3.8,10/29/2011,12/17/2013,thriller,read
Freedom's Forge: How American Business Built the Arsenal of Democracy That Won World War II,Arthur Herman,4,4.3,10/29/2011,12/14/2013,western-history,read
Slaughterhouse-Five,Kurt Vonnegut,1,4.1,10/29/2011,11/7/2013,fiction,read
The Lowland,Jhumpa Lahiri,3,3.8,10/29/2011,9/21/2013,indian-fiction,read
The Essential Deming: Leadership Principles from the Father of Quality,W. Edwards Deming,4,4.1,10/29/2011,9/13/2013,"management,process",read
Creating a Lean Culture: Tools to Sustain Lean Conversions,David Mann,3,3.9,10/29/2011,9/3/2013,management,read
"Potsdam Station (John Russell,#4)",David Downing,5,4.1,10/29/2011,8/24/2013,espionage,read
The Extended Phenotype: The Long Reach of the Gene,Richard Dawkins,4,4.1,10/29/2011,8/11/2013,"genetics,biology",read
"The Neon Rain (Dave Robicheaux,#1)",James Lee Burke,3,4.0,10/29/2011,8/10/2013,thriller,read
"The Talented Mr. Ripley (Ripley,#1)",Patricia Highsmith,5,3.9,10/29/2011,8/5/2013,thriller,read
The Trinity Six,Charles Cumming,4,3.8,10/29/2011,7/24/2013,espionage,read
"The Cuckoo's Calling (Cormoran Strike,#1)",Robert Galbraith,1,3.9,10/29/2011,7/15/2013,thriller,read
TransAtlantic,Colum McCann,5,3.8,10/29/2011,6/23/2013,fiction,read
Microinteractions: Designing with Details,Dan Saffer,5,4.0,10/29/2011,6/4/2013,design,read
"The Snowman (Harry Hole,#7)",Jo Nesbo,5,4.0,10/29/2011,5/25/2013,scandinavian-thriller,read
The Shanghai Factor,Charles McCarry,4,3.6,10/29/2011,5/25/2013,espionage,read
Toyota Production System: Beyond large-scale production,Taiichi Ohno,2,4.0,10/29/2011,5/21/2013,management,read
Men of Mathematics,Eric Temple Bell,5,4.1,10/29/2011,5/19/2013,maths,read
American Prometheus: The Triumph and Tragedy of J. Robert Oppenheimer,Kai Bird,3,4.2,10/29/2011,5/18/2013,western-biography,read
"Rumsfeld's Rules: Leadership Lessons in Business,Politics,War,and Life",Donald Rumsfeld,3,3.9,10/29/2011,5/12/2013,management,read
A Constellation of Vital Phenomena,Anthony Marra,5,4.1,10/29/2011,5/4/2013,fiction,read
The Anatomy of Violence: The Biological Roots of Crime,Adrian Raine,4,4.0,10/29/2011,5/4/2013,science,read
After the Prophet: The Epic Story of the Shia-Sunni Split in Islam,Lesley Hazleton,4,4.1,10/29/2011,4/28/2013,eastern-history,read
The Woman Upstairs,Claire Messud,4,3.3,10/29/2011,4/27/2013,fiction,read
"The Man on the Balcony (Martin Beck,#3)",Maj Sjowall,4,3.9,10/29/2011,4/8/2013,scandinavian-thriller,read
Ulysses S. Grant: The Unlikely Hero,Michael Korda,5,3.9,10/29/2011,4/8/2013,western-biography,read
"The Black Ice (Harry Bosch,#2; Harry Bosch Universe,#2)",Michael Connelly,4,4.1,10/29/2011,3/30/2013,thriller,read
"Gorky Park (Arkady Renko,#1)",Martin Cruz Smith,5,4.0,10/29/2011,3/30/2013,thriller,read
The Andalucian Friend (Brinkmann Trilogy #1),Alexander Soderberg,4,3.2,10/29/2011,3/9/2013,scandinavian-thriller,read
Lean Software Development: An Agile Toolkit,Mary Poppendieck,3,4.2,10/29/2011,2/23/2013,software,read
Serena,Ron Rash,1,3.5,10/29/2011,2/23/2013,fiction,read
A Deniable Death,Gerald Seymour,5,3.8,10/29/2011,2/17/2013,espionage,read
The Orphan Diaries,Shashi Warrier,4,3.6,10/29/2011,10/29/2011,indian-fiction,read
Producing Open Source Software: How to Run a Successful Free Software Project,Karl Fogel,4,3.9,10/19/2011,2/11/2013,software,read
"The Code of the Woosters (Jeeves,#7)",P. G. Wodehouse,5,4.4,10/19/2011,2/4/2013,fiction,read
"Right Ho,Jeeves (Jeeves,#6)",P. G. Wodehouse,5,4.3,10/19/2011,2/4/2013,fiction,read
"Stiff Upper Lip,Jeeves (Jeeves,#13)",P. G. Wodehouse,5,4.3,10/19/2011,2/4/2013,fiction,read
"Carry on,Jeeves (Jeeves,#3)",P. G. Wodehouse,5,4.3,10/19/2011,2/4/2013,fiction,read
"The Inimitable Jeeves (Jeeves,#2)",P. G. Wodehouse,5,4.3,10/19/2011,2/4/2013,fiction,read
"The Narrows (Harry Bosch,#10; Harry Bosch Universe,#13)",Michael Connelly,4,4.1,10/19/2011,1/23/2013,thriller,read
"The Locked Room (Martin Beck,#8)",Maj Sjowall,4,4.0,10/19/2011,12/21/2012,thriller,read
The Signal and the Noise: Why So Many Predictions Fail - But Some Don't,Nate Silver,3,4.0,10/19/2011,12/15/2012,science,read
The Thief,Fuminori Nakamura,3,3.5,10/19/2011,12/15/2012,thriller,read
"The Art of Explanation - Making Your Ideas,Products and Services Easier to Understand",Lee LeFever,3,3.9,10/18/2011,12/2/2012,management,read
"General of the Army: George C. Marshall,Soldier and Statesman",Ed Cray,5,4.4,10/18/2011,11/4/2012,western-biography,read
Rapid Development: Taming Wild Software Schedules,Steve McConnell,4,4.0,10/18/2011,10/15/2012,software,read
Sweet Tooth,Ian McEwan,4,3.4,10/18/2011,10/7/2012,thriller,read
Machinery of Freedom: Guide to a Radical Capitalism,David D. Friedman,5,4.1,10/18/2011,9/28/2012,society,read
"The Third Wheel (Diary of a Wimpy Kid,#7)",Jeff Kinney,3,4.2,10/18/2011,9/27/2012,kids,read
The Casual Vacancy,J.K. Rowling,5,3.3,10/18/2011,9/27/2012,fiction,read
An Embedded Software Primer,David E. Simon,4,3.7,10/18/2011,9/21/2012,software,read
Software Requirements: Practical Techniques for Gathering and Managing Requirements Throughout the Product Development Cycle,Karl Wiegers,4,4.0,10/18/2011,9/19/2012,software,read
Peer Reviews in Software: A Practical Guide,Karl Wiegers,4,3.5,10/18/2011,9/19/2012,software,read
The Book of Jonas,Stephen Dau,5,3.6,10/16/2011,9/8/2012,fiction,read
The Brief Wondrous Life of Oscar Wao,Junot Diaz,4,3.9,10/15/2011,9/8/2012,fiction,read
Liars and Outliers: Enabling the Trust that Society Needs to Thrive,Bruce Schneier,1,3.8,10/15/2011,9/1/2012,science,read
Clean Code: A Handbook of Agile Software Craftsmanship,Robert C. Martin,3,4.4,10/10/2011,8/27/2012,software,read
"Raiders from the North (Empire of the Moghul,#1)",Alex Rutherford,4,3.9,10/10/2011,8/27/2012,indian-fiction,read
"Brothers At War (Empire of the Moghul,#2)",Alex Rutherford,3,3.9,10/10/2011,8/27/2012,indian-fiction,read
"Ruler of the World (Empire of the Moghul,#3)",Alex Rutherford,3,3.8,10/10/2011,8/27/2012,indian-fiction,read
The Broken Shore,Peter Temple,1,3.8,10/10/2011,7/29/2012,thriller,read
Free Will,Sam Harris,4,3.9,10/10/2011,7/19/2012,philosophy,read
The Black Swan: The Impact of the Highly Improbable,Nassim Nicholas Taleb,1,3.9,10/10/2011,6/20/2012,science,read
"The Foreign Correspondent (Night Soldiers,#9)",Alan Furst,4,3.9,10/10/2011,6/14/2012,thriller,read
Eat People: And Other Unapologetic Rules for Game-Changing Entrepreneurs,Andy Kessler,2,3.6,10/10/2011,6/13/2012,society,read
"The Spies of Warsaw (Night Soldiers,#10)",Alan Furst,2,3.9,10/10/2011,6/1/2012,espionage,read
Istanbul Passage,Joseph Kanon,4,3.6,10/8/2011,5/31/2012,espionage,read
"Death of a Red Heroine (Inspector Chen Cao #1)",Qiu Xiaolong,2,3.8,10/8/2011,5/26/2012,thriller,read
A Case of Exploding Mangoes,Mohammed Hanif,2,3.7,10/8/2011,5/26/2012,eastern-fiction,read
"Surely You're Joking,Mr. Feynman!: Adventures of a Curious Character",Richard Feynman,4,4.3,10/8/2011,10/7/2011,western-biography,read
Justice: What's the Right Thing to Do?,Michael J. Sandel,2,4.3,10/7/2011,5/26/2012,philosophy,read
Making Globalization Work,Joseph E. Stiglitz,1,3.9,10/7/2011,5/26/2012,economics,read
The Three Trillion Dollar War: The True Cost of the Iraq Conflict,Joseph E. Stiglitz,4,3.7,10/7/2011,5/26/2012,economics,read
The Lay of the Land,Richard Ford,1,3.9,10/7/2011,5/21/2012,fiction,read
Our Man in Havana,Graham Greene,4,3.9,10/7/2011,5/19/2012,espionage,read
"Storm Warning (The 39 Clues,#9)",Linda Sue Park,4,4.0,10/7/2011,5/17/2012,kids,read
"Into the Gauntlet (The 39 Clues,#10)",Margaret Peterson Haddix,4,4.0,10/7/2011,5/17/2012,kids,read
Amazonia: Five Years at the Epicenter of the Dot.Com Juggernaut,James Marcus,3,3.4,10/7/2011,5/17/2012,western-biography,read
The Myth of the Rational Voter: Why Democracies Choose Bad Policies,Bryan Caplan,3,3.9,10/7/2011,5/10/2012,"society,books-to-read-again",read
"The Sword Thief (The 39 Clues,#3)",Peter Lerangis,4,3.9,10/7/2011,5/5/2012,kids,read
1776,David McCullough,5,4.1,10/7/2011,10/7/2011,western-history,read
Russia at War: 1941-1945,Alexander Werth,3,4.3,9/10/2011,11/13/2011,eastern-history,read
The Cobra,Frederick Forsyth,3,3.6,8/7/2011,10/19/2011,thriller,read
Turn of Mind,Alice LaPlante,4,3.7,7/1/2011,11/4/2011,thriller,read
The Good German,Joseph Kanon,4,3.7,6/14/2011,10/19/2011,espionage,read
The Death and Life of the Great American School System: How Testing and Choice Are Undermining Education,Diane Ravitch,1,4.1,5/14/2011,11/4/2011,society,read
Ike: An American Hero,Michael Korda,5,4.1,5/12/2011,10/8/2011,western-biography,read
"The Given Day (Coughlin #1)",Dennis Lehane,3,4.0,4/1/2011,12/14/2011,thriller,read
Churchill's Empire: The World That Made Him and the World He Made,Richard Toye,4,3.6,4/1/2011,11/4/2011,western-history,read
"Thinking Strategically: The Competitive Edge in Business,Politics,and Everyday Life",Avinash K. Dixit,5,4.0,3/1/2011,11/4/2011,"strategy,management,books-to-read-again",read
"The Most Powerful Idea in the World: A Story of Steam,Industry,and Invention",William Rosen,4,3.9,3/1/2011,11/4/2011,western-history,read
The Road to Serfdom,Friedrich A. Hayek,3,4.2,1/1/2011,11/13/2011,economics,read
Cleopatra: A Life,Stacy Schiff,4,3.6,1/1/2011,11/4/2011,eastern-biography,read
Genghis Khan and the Making of the Modern World,Jack Weatherford,5,4.0,8/13/2010,11/4/2011,eastern-biography,read
Atlas of Unknowns,Tania James,4,3.6,1/1/2010,11/13/2011,indian-fiction,read
Waltzing with Bears: Managing Risk on Software Projects,Tom DeMarco,5,4.0,1/1/2010,10/15/2011,software,read
Sacred Games,Vikram Chandra,4,3.9,1/1/2010,10/15/2011,indian-fiction,read
"Patton,Montgomery,Rommel: Masters of War",Terry Brighton,4,4.1,1/1/2010,10/8/2011,western-biography,read
"How to Measure Anything: Finding the Value of ""Intangibles"" in Business",Douglas W. Hubbard,5,4.0,9/25/2009,11/4/2011,"management,books-to-read-again",read
They Made America: From the Steam Engine to the Search Engine: Two Centuries of Innovators,Harold Evans,5,4.0,8/5/2009,11/4/2011,western-history,read
Gitanjali,Rabindranath Tagore,5,4.3,1/1/2009,1/15/2019,poetry,read
Chemmeen,Thakazhi Sivasankara Pillai,4,3.9,1/1/2009,11/13/2011,indian-fiction,read
Capitalism and Freedom,Milton Friedman,5,3.9,1/1/2009,10/8/2011,"economics,books-to-read-again",read
Crossing the Chasm: Marketing and Selling High-Tech Products to Mainstream Customers,Geoffrey A. Moore,5,4.0,1/1/2007,12/5/2011,"marketing,books-to-read-again",read
Code Complete,Steve McConnell,5,4.3,1/1/2007,10/15/2011,software,read
Good to Great: Why Some Companies Make the Leap... and Others Don't,James C. Collins,4,4.1,10/30/2006,11/22/2011,management,read
The Effective Executive: The Definitive Guide to Getting the Right Things Done,Peter F. Drucker,4,4.1,1/1/2005,12/5/2011,"management,books-to-read-again",read
Programming Perl,Tom Christiansen,5,4.0,1/15/2003,11/4/2011,software,read
The Innovator's Dilemma: The Revolutionary Book that Will Change the Way You Do Business,Clayton M. Christensen,5,4.0,1/1/2003,11/22/2011,product,read
