Title,Director,Type,My Rating,Average Rating,Date Watched,Date Added,Language,Genre,Status,URL
Caro Diario,Nanni Moretti,Movie,,3.6,,7/8/2023,Italian,Drama,To-watch,
Minari,Lee Isaac Chung,Movie,,3.8,,4/26/2021,English,Drama,To-watch,
Judas and the black messiah,Shaka King,Movie,,3.8,,4/26/2021,English,Drama,To-watch,
Nomadland,Chloe Zhao,Movie,,3.8,,4/26/2021,English,Drama,To-watch,
Our friend,Gabriela Cowperthwaite,Movie,,3.5,,1/22/2021,English,Drama,To-watch,
Kumbalangi Nights,Madhu Narayanan,Movie,,4.3,,10/18/2020,Malayalam,Drama,To-watch,
Coup 53,Taghi Amirani,Movie,,3.9,,8/22/2020,Persian,"Documentary, History",To-watch,
Desert One,Barbara Kopple,Movie,,3.8,,8/22/2020,English,"Documentary, History",To-watch,
Boys State,"Amanda McBaine, Jesse Moss",Movie,,4.4,,8/16/2020,English,"Documentary, Society",To-watch,
Snowpiercer,Bong Joon Ho,Movie,,3.6,,7/27/2020,English,Thriller,To-watch,
The Babadook,Jennifer Kent,Movie,,3.4,,6/20/2020,English,Horror,To-watch,https://www.imdb.com/title/tt2321549
The Blind Side,John Lee Hancock,Movie,,3.8,,4/11/2020,English,"Sport, Family",To-watch,
Jojo Rabbit,Taika Waititi,Movie,,4.0,,3/8/2020,English,History,To-watch,
The Sisters Brothers,Jacques Audiard,Movie,,3.5,,3/8/2020,English,Drama,To-watch,
Panga,Ashwiny Iyer Tiwari,Movie,,4.2,,2/1/2020,Hindi,Sport,To-watch,
Nil battey sannata,Ashwiny Iyer Tiwari,Movie,,4.2,,2/1/2020,Hindi,Drama,To-watch,
Aamis-Ravening,Bhaskar Hazarika,Movie,,4.2,,12/7/2019,Assamese,Drama,To-watch,
The lighthouse,Robert Eggers,Movie,,4.1,,10/20/2019,English,Drama,To-watch,
The story of India,Michael Wood,Series,,4.3,,9/16/2019,English,"Documentary, History",To-watch,
Never Look Away,Florian Henckel von Donnersmarck,Movie,,3.8,,2/9/2019,German,Thriller,To-watch,
If Beale Street Could Talk,Barry Jenkins,Movie,,3.8,,1/10/2019,English,Drama,To-watch,
Maborosi,Hirokazu Koreeda,Movie,,3.8,,12/26/2018,Japanese,Drama,To-watch,
Badhaai Ho,Amit Ravindernath Sharma,Movie,,4.1,,11/2/2018,Hindi,Comedy,To-watch,
Love Sonia,Tabrez Noorani,Movie,,3.7,,9/19/2018,Hindi,Drama,To-watch,
Gali Guleiyan,Dipesh Jain,Movie,,3.9,,9/8/2018,Hindi,Drama,To-watch,
The Rider,Chloe Zhao,Movie,,3.8,,4/14/2018,English,Western,To-watch,
In between,Maysaloun Hamoud,Movie,,3.7,,1/5/2018,Arabic,Drama,To-watch,
Enemy at the Gates,Jean-Jacques Annaud,Movie,,3.8,,1/4/2018,English,History,To-watch,
The Devil's Backbone,Guillermo del Toro,Movie,,3.8,,12/2/2017,English,Horror,To-watch,
This Is Spinal Tap,Rob Reiner,Movie,,4.0,,8/11/2017,English,Comedy,To-watch,
Graduation,Cristian Mungiu,Movie,,3.7,,4/15/2017,Romanian,Crime,To-watch,
Behind the Sun,Walter Salles,Movie,,3.9,,2/9/2017,Portuguese,Drama,To-watch,
Parzania,Rahul Dholakia,Movie,,3.9,,2/5/2017,Hindi,Drama,To-watch,
A Monster Calls,J. A. Bayona,Movie,,3.8,,12/23/2016,English,Fantasy,To-watch,
Toni Erdmann,Maren Ade,Movie,,3.7,,12/16/2016,German,Comedy,To-watch,
You Can Count on Me,Kenneth Lonergan,Movie,,3.8,,11/21/2016,English,Drama,To-watch,
Our Little Sister,Hirokazu Koreeda,Movie,,3.8,,7/15/2016,Japanese,Drama,To-watch,
Zero Days,Alex Gibney,Movie,,3.9,,7/8/2016,English,Documentary,To-watch,
The Music of Strangers,Morgan Neville,Movie,,3.9,,6/10/2016,English,Documentary,To-watch,
De Palma,"Jake Paltrow, Noah Baumbach",Movie,,3.7,,6/10/2016,English,Documentary,To-watch,
28 Days Later...,Danny Boyle,Movie,,3.8,,3/20/2016,English,Sci-Fi,To-watch,
The Umbrellas of Cherbourg,Jacques Demy,Movie,,4.0,,2/13/2016,French,Romance,To-watch,
Anomalisa,"Charlie Kaufman, Duke Johnson",Movie,,3.7,,1/8/2016,English,Comedy,To-watch,
The Assassination of Jesse James by the Coward Robert Ford,Andrew Dominik,Movie,,3.8,,1/1/2016,English,Biography,To-watch,
Top of the Lake,"Jane Campion, Gerard Lee",Series,,3.8,,12/31/2015,English,Thriller,To-watch,
The Squid and the Whale,Noah Baumbach,Movie,,3.7,,12/31/2015,English,Comedy,To-watch,
Hitchcock/Truffaut,Kent Jones,Movie,,3.7,,12/4/2015,English,Documentary,To-watch,
The Man Who Wasn't There,"Ethan Coen, Joel Coen",Movie,,3.8,,11/27/2015,English,Thriller,To-watch,
Diva,Jean-Jacques Beineix,Movie,,3.7,,11/13/2015,French,Thriller,To-watch,
Boy A,John Crowley,Movie,,3.8,,11/6/2015,English,Drama,To-watch,
Titli,Kanu Behl,Movie,,3.8,,10/30/2015,Hindi,Thriller,To-watch,
Victoria,Sebastian Schipper,Movie,,3.9,,10/13/2015,English,Thriller,To-watch,
The Golden Dream,Diego Quemada-Diez,Movie,,3.9,,9/4/2015,Spanish,Drama,To-watch,
Rosenwald,Aviva Kempner,Movie,,4.0,,8/28/2015,English,"Documentary, War",To-watch,
True Grit,"Ethan Coen, Joel Coen",Movie,,3.8,,8/18/2015,English,Western,To-watch,
Phoenix,Christian Petzold,Movie,,3.7,,8/2/2015,English,Drama,To-watch,
Read My Lips,Jacques Audiard,Movie,,3.7,,6/26/2015,French,Thriller,To-watch,
Me and Earl and the Dying Girl,Alfonso Gomez-Rejon,Movie,,3.9,,6/12/2015,English,Romance,To-watch,
Princess Mononoke,Hayao Miyazaki,Movie,,4.2,,5/30/2015,Japanese,Fantasy,To-watch,
Merchants of Doubt,Robert Kenner,Movie,,3.9,,3/6/2015,English,Documentary,To-watch,
An Honest Liar,"Tyler Measom, Justin Weinstein",Movie,,3.8,,3/6/2015,English,Documentary,To-watch,
"The Good, the bad, the weird",Jee-woon Kim,Movie,,3.7,,3/1/2015,Korean,Western,To-watch,
Hope and Glory,John Boorman,Movie,,3.7,,2/28/2015,English,Drama,To-watch,
The General,John Boorman,Movie,,3.7,,2/28/2015,English,Biography,To-watch,
Let the Right One In,Tomas Alfredson,Movie,,4.0,,2/20/2015,Swedish,Horror,To-watch,
What We Do in the Shadows,"Taika Waititi, Jemaine Clement",Movie,,3.9,,2/20/2015,English,Comedy,To-watch,
Iqbal,Nagesh Kukunoor,Movie,,4.1,,1/28/2015,Hindi,Sport,To-watch,
The Promise,"Luc Dardenne, Jean-Pierre Dardenne",Movie,,4.0,,1/9/2015,French,Drama,To-watch,
Boys Don't Cry,Kimberly Peirce,Movie,,3.8,,11/14/2014,English,Drama,To-watch,
The Look of Silence,Joshua Oppenheimer,Movie,,4.2,,9/5/2014,English,"Documentary, War",To-watch,
The Act of Killing,"Joshua Oppenheimer, Christine Cynn, Anonymous",Movie,,4.1,,9/5/2014,English,"Documentary, War",To-watch,
Seymour: An Introduction,Ethan Hawke,Movie,,3.8,,9/5/2014,English,Biography,To-watch,
My Dinner with Andre,Louis Malle,Movie,,3.9,,8/22/2014,English,Drama,To-watch,
Seven Up!,Paul Almond,Movie,,4.1,,7/11/2014,English,"Documentary, Society",To-watch,
We are the best!,Lukas Moodysson,Movie,,3.8,,6/1/2014,Swedish,Comedy,To-watch,
The Reader,Stephen Daldry,Movie,,3.8,,4/20/2014,English,Drama,To-watch,
The Wrestler,Darren Aronofsky,Movie,,4.0,,3/28/2014,English,Sport,To-watch,
Throne of Blood,Akira Kurosawa,Movie,,4.1,,3/1/2014,Japanese,Drama,To-watch,
"Like Father, Like Son",Hirokazu Koreeda,Movie,,3.9,,1/25/2014,Japanese,Drama,To-watch,
Central Station,Walter Salles,Movie,,4.0,,1/10/2014,Portuguese,Drama,To-watch,
Moonrise Kingdom,Wes Anderson,Movie,,3.9,,1/10/2014,English,Romance,To-watch,
The Rocket,Kim Mordaunt,Movie,,3.7,,1/10/2014,English,War,To-watch,
Ship of Theseus,Anand Gandhi,Movie,,4.1,,1/5/2014,Hindi,Drama,To-watch,
The Young Victoria,Jean-Marc Vallee,Movie,,3.7,,11/1/2013,English,Biography,To-watch,
Zinda Bhaag,"Meenu Gaur, Farjad Nabi",Movie,,3.8,,10/26/2013,Hindi,Drama,To-watch,
Thank You for Smoking,Jason Reitman,Movie,,3.8,,8/16/2013,English,Comedy,To-watch,
"Synecdoche, New York",Charlie Kaufman,Movie,,3.8,,8/3/2013,English,Comedy,To-watch,
Blowup,Michelangelo Antonioni,Movie,,3.8,,7/6/2013,English,Thriller,To-watch,
Ponyo,Hayao Miyazaki,Movie,,3.9,,5/19/2013,Japanese,Fantasy,To-watch,
Mumbai Cutting,"Revathy, Shashanka Ghosh, Ayush Raina, Kundan Shah, Jahnu Barua, Sudhir Mishra, Rituparno Ghosh, Anurag Kashyap, Manish Jha, Ruchi Narain, Rahul Dholakia",Movie,,3.8,,1/18/2013,Hindi,Drama,To-watch,
Hiroshima mon amour,Alain Resnais,Movie,,4.0,,12/21/2012,French,Romance,To-watch,
Amour,Michael Haneke,Movie,,4.0,,12/21/2012,French,Romance,To-watch,
A Single Man,Tom Ford,Movie,,3.8,,11/11/2012,English,Romance,To-watch,
Leila,Dariush Mehrjui,Movie,,3.9,,4/22/2012,Persian,Drama,To-watch,
One Day in September,Kevin Macdonald,Movie,,4.0,,4/20/2012,English,"Documentary, Sport",To-watch,
Still Walking,Hirokazu Koreeda,Movie,,3.9,,4/8/2012,Japanese,Drama,To-watch,
Middle of nowhere,Ava Duvernay,Movie,5,3.2,6/21/2021,6/21/2021,English,Drama,Watched,
Mare of Easttown,Brad Ingelsby,Series,5,4.3,6/14/2021,6/14/2021,English,Drama,Watched,
Beanpole,Kantemir Balagov,Movie,1,3.6,6/5/2021,3/8/2020,Russian,Drama,Watched,
Tenet,Christopher Nolan,Movie,1,3.8,6/1/2021,1/24/2021,English,Thriller,Watched,
The sinner,Derek Simonds,Series,5,4,4/25/2021,4/25/2021,English,Thriller,Watched,
The Valhalla murders,Thordur Palsson,Series,4,3.6,2/15/2021,2/15/2021,Icelandic,Thriller,Watched,
Giri/Haji,Joe Barton,Series,4,4,1/30/2021,1/30/2021,Japanese,Thriller,Watched,
One night in Miami,Regina King,Movie,4,3.3,1/20/2021,1/20/2021,English,Drama,Watched,
The devil all the time,Antonio Campos,Movie,5,3.7,1/20/2021,1/20/2021,English,Drama,Watched,
Before we die,"Wilhelm Behrman, Nicklas Rockstrom",Series,4,4,12/25/2020,12/25/2020,Swedish,Thriller,Watched,
Modus,"Mai Brostrom, Anne Holt",Series,4,3.4,12/20/2020,12/20/2020,Swedish,Thriller,Watched,
Good Time,"Benny Safdie, Josh Safdie",Movie,4,3.7,11/20/2020,8/11/2017,English,Thriller,Watched,
Sudani from Nigeria,Zakariya Mohammed,Movie,5,4.1,11/20/2020,6/28/2020,Malayalam,Sport,Watched,https://www.imdb.com/title/tt7581572/
Tokyo Trial,"Rob King, Pieter Verhoeff",Series,5,3.8,10/24/2020,10/24/2020,English,"Documentary, War",Watched,
1917,Sam Mendes,Movie,4,4.2,10/17/2020,10/17/2020,English,War,Watched,
Endeavour,Colin Dexter,Series,4,4.2,9/15/2020,8/16/2020,English,Thriller,Watched,
Late Spring,Yasujiro Ozu,Movie,3,4.2,8/29/2020,8/18/2013,Japanese,Drama,Watched,
Unda,Khalid Rahman,Movie,4,4.0,8/29/2020,8/29/2020,Malayalam,Drama,Watched,
Chhapaak,Meghna Gulzar,Movie,3,2.4,8/2/2020,3/8/2020,Hindi,Drama,Watched,
Raat Akeli Hai,Honey Trehan,Movie,4,3.5,8/1/2020,8/1/2020,Hindi,Thriller,Watched,
Mother,Bong Joon Ho,Movie,5,3.9,7/28/2020,4/29/2016,Korean,Thriller,Watched,
Defending Jacob,Morten Tyldum,Series,5,4.0,7/26/2020,7/26/2020,English,Thriller,Watched,
Fireworks Wednesday,Asghar Farhadi,Movie,4,3.9,7/23/2020,7/28/2017,Persian,Drama,Watched,https://www.imdb.com/title/tt0845439/
Maheshinte Prathikaaram,Dileesh Pothan,Movie,4,4.2,7/20/2020,7/20/2020,Malayalam,Drama,Watched,https://www.imdb.com/title/tt4851630/
Trumbo,Jay Roach,Movie,4,3.8,7/17/2020,7/17/2020,English,Biography,Watched,https://www.imdb.com/name/nm0005366
Greyhound,Aaron Schneider,Movie,1,3.5,7/15/2020,7/15/2020,English,War,Watched,
Ee. Ma. Yau.,Lijo Jose Pellissery,Movie,5,4.2,7/10/2020,7/10/2020,Malayalam,Drama,Watched,https://www.imdb.com/title/tt7231194
Kapoor and Sons,Shakun Batra,Movie,3,3.9,7/5/2020,7/5/2020,Hindi,Drama,Watched,
Axone,Nicholas Kharkongor,Movie,5,3.6,7/2/2020,7/2/2020,Hindi,Drama,Watched,
The Queen,Stephen Frears,Movie,3,3.7,6/13/2020,6/13/2020,English,"Biography, Drama",Watched,
Press,Mike Bartlett,Series,4,3.8,6/6/2020,6/6/2020,English,Drama,Watched,
Space Force,Greg Daniels,Series,4,3.5,6/3/2020,6/3/2020,English,Comedy,Watched,
Paatal Lok,Sudip Sharma,Series,5,3.8,5/15/2020,5/15/2020,Hindi,Thriller,Watched,
Cutie and the boxer,Zachary Heinzerling,Movie,4,3.6,5/11/2020,5/1/2014,English,"Documentary, Biography",Watched,
Counterpart,Justin Marks,Series,4,4.1,4/20/2020,4/20/2020,English,Thriller,Watched,
Mardaani 2,Gopi Puthran,Movie,3,3.7,3/28/2020,3/28/2020,Hindi,Thriller,Watched,
The Morning Show,"Jay Carson, Kerry Ehrin",Series,4,4.2,3/28/2020,3/28/2020,English,Drama,Watched,
Son of Saul,Laszlo Nemes,Movie,5,3.8,3/28/2020,12/18/2015,Hungarian,War,Watched,
The Foreigner,Martin Campbell,Movie,4,3.5,3/7/2020,3/7/2020,English,Thriller,Watched,
Ford v Ferrari,James Mangold,Movie,4,4.1,3/6/2020,3/6/2020,English,"Sport, Family",Watched,
Diner,Mika Ninagawa,Movie,4,3.0,3/6/2020,3/6/2020,Japanese,Drama,Watched,
A prophet,Jacques Audiard,Movie,5,4.0,3/3/2020,5/13/2016,French,Thriller,Watched,
Jamtara,"Trishant Srivastava, Nishant Varma",Series,4,3.8,2/28/2020,2/20/2020,Hindi,Thriller,Watched,
Parasite,Bong Joon Ho,Movie,5,4.3,2/25/2020,12/7/2019,Korean,Drama,Watched,
Halt and Catch Fire,"Christopher Cantwell, Christopher C. Rogers",Series,4,4.2,2/20/2020,6/12/2015,English,"History, Drama",Watched,
"Spring, Summer, Fall, Winter… and Spring",Ki-duk Kim,Movie,1,4.1,1/20/2020,4/20/2014,Korean,Drama,Watched,
The peanut butter falcon,"Tyler Nilson, Michael Schwartz",Movie,4,3.8,1/18/2020,8/17/2019,English,Sport,Watched,
Sunset Blvd.,Billy Wilder,Movie,5,4.2,1/12/2020,12/27/2012,English,Drama,Watched,
Burning,Chang-dong Lee,Movie,1,3.9,1/8/2020,11/7/2018,Korean,Mystery,Watched,
Knives out,Rian Johnson,Movie,4,4.1,1/7/2020,12/7/2019,English,Thriller,Watched,
The Two Popes,Fernando Meirelles,Movie,4,3.9,1/6/2020,12/7/2019,English,"Drama, Religion",Watched,
Yojimbo,Akira Kurosawa,Movie,4,4.2,1/4/2020,11/1/2014,Japanese,Drama,Watched,
One child nation,"Nanfu Wang, Jialing Zhang",Movie,4,3.8,1/3/2020,8/17/2019,Chinese,Documentary,Watched,
Captain Fantastic,Matt Ross,Movie,4,4.0,12/29/2019,7/8/2016,English,Comedy,Watched,
The Handmaiden,Chan-wook Park,Movie,4,4.1,12/27/2019,10/21/2016,Korean,Thriller,Watched,
Fleabag,Phoebe Waller-Bridge,Series,5,4.4,12/25/2019,12/25/2019,English,Comedy,Watched,
Tumbbad,"Anand Gandhi, Adesh Prasad, Rahi Anil Barve",Movie,5,4.2,12/20/2019,10/13/2018,Hindi,Drama,Watched,
The Irishman,Martin Scorsese,Movie,2,4.1,12/7/2019,12/1/2019,English,Thriller,Watched,
Destroyer,Karyn Kusama,Movie,4,3.1,11/21/2019,11/21/2019,English,Thriller,Watched,
Everybody knows,Asghar Farhadi,Movie,4,3.5,11/18/2019,11/18/2019,Spanish,Drama,Watched,
Section 375,Ajay Bahl,Movie,4,4.3,11/18/2019,9/21/2019,Hindi,Thriller,Watched,
The Lives of Others,Florian Henckel von Donnersmarck,Movie,4,4.2,11/7/2019,2/15/2013,German,Thriller,Watched,
The Second Mother,Anna Muylaert,Movie,1,3.9,10/23/2019,8/28/2015,Spanish,Comedy,Watched,
The Killing,Veena Sud,Series,4,4.1,10/20/2019,12/11/2016,English,Thriller,Watched,
District 9,Neill Blomkamp,Movie,4,4.0,10/20/2019,4/8/2016,English,Sci-Fi,Watched,
Spirited Away,"Hayao Miyazaki, Kirk Wise",Movie,4,4.3,10/3/2019,2/17/2014,Japanese,Fantasy,Watched,
The Family Man,"Krishna D. K., Raj Nidimoru",Series,5,4.4,10/1/2019,9/25/2019,Hindi,Thriller,Watched,
Chhichhore,Nitesh Tiwari,Movie,4,4.3,9/25/2019,9/21/2019,Hindi,Comedy,Watched,
The story of China,Michael Wood,Series,5,4.1,9/17/2019,9/16/2019,English,"Documentary, History",Watched,
Article 15,Anubhav Sinha,Movie,5,4.3,9/16/2019,7/29/2019,Hindi,Drama,Watched,
Homicide: Life on the Street,David Simon,Series,5,4.3,9/16/2019,9/19/2015,English,Thriller,Watched,
Marshall,Reginald Hudlin,Movie,5,3.6,9/15/2019,9/15/2019,English,History,Watched,
Gleason,Clay Tweel,Movie,5,4.2,9/2/2019,7/29/2016,English,"Documentary, Sport",Watched,
Once upon a time in Hollywood,Quentin Tarantino,Movie,4,4.4,8/17/2019,7/29/2019,English,Comedy,Watched,
Cold War,Pawel Pawlikowski,Movie,3,3.9,7/31/2019,12/22/2018,Polish,Drama,Watched,
Miss Bala,Gerardo Naranjo,Movie,4,3.8,7/31/2019,7/6/2019,Spanish,Thriller,Watched,
Traitors,Bathsheba Doren,Series,5,3.3,7/31/2019,7/30/2019,English,Thriller,Watched,
Samurai Marathon 1855,Bernard Rose,Moive,4,3.7,7/28/2019,7/28/2019,Japanese,Drama,Watched,
Eighth Grade,Bo Burnham,Movie,4,3.8,7/23/2019,8/6/2018,English,Comedy,Watched,
Manmarziyaan,Anurag Kashyap,Movie,3,3.5,7/22/2019,9/19/2018,Hindi,Romance,Watched,
Elite Squad: The Enemy Within,Jose Padilha,Movie,4,4.1,7/22/2019,2/9/2017,Portuguese,Thriller,Watched,
Lust Stories,"Anurag Kashyap, Zoya Akhtar, Dibakar Banerjee, Karan Johar",Movie,3,3.3,7/20/2019,7/15/2019,Hindi,Romance,Watched,
Occupied,"Karianne Lund, Jo Nesbo",Series,4,3.9,7/14/2019,6/21/2019,Norwegian,Thriller,Watched,
First Man,Damien Chazelle,Movie,3,3.7,7/4/2019,10/13/2018,English,Biography,Watched,
Tully,Jason Reitman,Movie,4,3.5,7/4/2019,5/4/2018,English,Comedy,Watched,
Miss Bala,Catherine Hardwicke,Movie,5,2.8,7/4/2019,7/6/2019,English,Thriller,Watched,
Free Solo,"Jimmy Chin, Elizabeth Chai Vasarhelyi",Movie,5,4.3,7/4/2019,9/28/2018,English,"Documentary, Sport",Watched,
BlacKkKlansman,Spike Lee,Movie,4,3.8,6/20/2019,11/30/2018,English,Biography,Watched,
The Help,Tate Taylor,Movie,5,4.1,6/20/2019,6/20/2019,English,Drama,Watched,
Molly's Game,Aaron Sorkin,Movie,5,3.8,6/20/2019,6/20/2019,English,Thriller,Watched,
Delhi Crime,Richie Mehta,Series,5,4.3,6/20/2019,6/10/2019,Hindi,Thriller,Watched,
Gully Boy,Zoya Akhtar,Movie,4,4.3,6/15/2019,2/16/2019,Hindi,Romance,Watched,
Chopsticks,Sachin Yardi,Movie,5,3.3,6/1/2019,6/1/2019,Hindi,Comedy,Watched,
Booksmart,Olivia Wilde,Movie,4,3.8,5/29/2019,5/22/2019,English,Comedy,Watched,
Bareilly Ki Barfi,Ashwiny Iyer Tiwari,Movie,5,3.8,5/15/2019,9/30/2017,Hindi,Comedy,Watched,
Informer,"Rory Haines, Sohrab Noshirvani",Series,5,3.9,3/29/2019,3/20/2019,English,Thriller,Watched,
Moonlight,Barry Jenkins,Movie,5,3.7,1/10/2019,1/10/2019,English,Drama,Watched,
Sour Grapes,"Jerry Rothwell, Reuben Atlas",Movie,4,3.7,1/6/2019,1/6/2019,English,"Documentary, Biography",Watched,
Andhadhun,Sriram Raghavan,Movie,4,4.3,12/28/2018,12/28/2018,Hindi,Thriller,Watched,
Qarib Qarib Singlle,Tanuja Chandra,Movie,4,3.5,12/27/2018,12/27/2018,Hindi,Romance,Watched,
The Ballad of Buster Scruggs,"Joel Coen, Ethan Coen",Movie,4,3.7,12/26/2018,12/26/2018,English,Western,Watched,
Shoplifters,Hirokazu Koreeda,Movie,5,4.1,12/25/2018,12/25/2018,Japanese,Drama,Watched,
Bohemian Rhapsody,Bryan Singer,Movie,4,4.1,12/2/2018,12/2/2018,English,Music,Watched,
Widows,Steve McQueen,Movie,4,3.6,11/30/2018,11/30/2018,English,Thriller,Watched,
"Lock, Stock and Two Smoking Barrels",Guy Ritchie,Movie,4,4.1,11/25/2018,11/25/2018,English,Comedy,Watched,
Finding Nemo,"Andrew Stanton, Lee Unkrich",Movie,4,4.1,11/25/2018,11/25/2018,English,Comedy,Watched,
The Honourable Woman,Hugo Blick,Series,4,4.1,11/25/2018,11/25/2018,English,Thriller,Watched,
Toy Story 2,"John Lasseter, Lee Unkrich, Ash Brannon",Movie,4,4.0,11/25/2018,11/25/2018,English,Comedy,Watched,
A Star Is Born,Bradley Cooper,Movie,4,4.0,11/25/2018,11/25/2018,English,Music,Watched,
Bodyguard,Jed Mercurio,Series,4,4.1,11/23/2018,11/23/2018,English,Thriller,Watched,
La Mante,"Alice Chegaray-Breugnot, Nicolas Jean, Gregoire Demaison, Laurent Vivier",Series,5,3.8,11/23/2018,11/23/2018,French,Thriller,Watched,
22-Jul,Paul Greengrass,Movie,4,3.4,10/20/2018,10/20/2018,English,Thriller,Watched,
The Angel,Ariel Vromen,Movie,4,3.4,10/7/2018,10/7/2018,English,Thriller,Watched,
Maniac,"Cary Joji Fukunaga, Patrick Somerville",Series,5,4.0,10/7/2018,10/7/2018,English,Sci-Fi,Watched,
The Big Sick,Michael Showalter,Movie,4,3.8,9/22/2018,9/22/2018,English,Comedy,Watched,
Crazy Rich Asians,Jon M. Chu,Movie,3,3.5,9/19/2018,9/19/2018,English,Romance,Watched,
The Post,Steven Spielberg,Movie,4,3.6,9/19/2018,9/19/2018,English,Biography,Watched,
Lady Bird,Greta Gerwig,Movie,4,3.7,9/4/2018,9/4/2018,English,Comedy,Watched,
Mission: Impossible - Fallout,Christopher McQuarrie,Movie,3,3.9,9/2/2018,9/2/2018,English,Thriller,Watched,
Unforgotten,Chris Lang,Series,4,4.1,8/19/2018,8/19/2018,English,Thriller,Watched,
Incendies,Denis Villeneuve,Movie,5,4.1,8/19/2018,8/19/2018,English,War,Watched,
Mantra,Nicholas Kharkongor,Movie,2,2.6,8/16/2018,8/16/2018,English,Drama,Watched,
Isle of Dogs,Wes Anderson,Movie,3,4.0,8/16/2018,8/16/2018,English,Comedy,Watched,
Detroit,Kathryn Bigelow,Movie,4,3.7,8/16/2018,8/16/2018,English,History,Watched,
Broadchurch,Chris Chibnail,Series,2,4.2,8/15/2018,8/15/2018,English,Thriller,Watched,
Raazi,Meghna Gulzar,Movie,4,3.9,8/6/2018,8/6/2018,Hindi,Thriller,Watched,
Burnt,John Wells,Movie,3,3.3,7/30/2018,7/30/2018,English,Cooking,Watched,
Sacred Games,"Anurag Kashyap, Vikramaditya Motwane",Series,4,4.5,7/30/2018,7/30/2018,Hindi,Thriller,Watched,
Newton,Amit Masurkar,Movie,4,3.9,7/30/2018,7/30/2018,Hindi,Drama,Watched,
Game Night,"John Francis Daley, Jonathan Goldstein",Movie,4,3.5,7/30/2018,7/30/2018,English,Comedy,Watched,
The Shape of Water,Guillermo del Toro,Movie,3,3.7,7/12/2018,7/12/2018,English,Sci-Fi,Watched,
Seven Seconds,Veena Sud,Series,4,3.9,7/12/2018,7/12/2018,English,Drama,Watched,
Hereditary,Ari Aster,Movie,4,3.7,6/27/2018,6/27/2018,English,Drama,Watched,
The Trip to Spain,Michael Winterbottom,Movie,3,3.3,6/15/2018,6/15/2018,English,Comedy,Watched,
The Florida Project,Sean Baker,Movie,4,3.8,5/25/2018,5/25/2018,English,Drama,Watched,
A Quiet Place,John Krasinski,Movie,4,3.8,5/4/2018,5/4/2018,English,Horror,Watched,
Sneaky Pete,"David Shore, Bryan Cranston",Series,5,4.1,4/28/2018,4/28/2018,English,Thriller,Watched,
Wind River,Taylor Sheridan,Movie,4,3.9,3/25/2018,3/25/2018,English,Thriller,Watched,
Peaky Blinders,Steven Knight,Series,4,4.4,3/24/2018,3/24/2018,English,Crime,Watched,
Collateral,David Hare,Series,4,3.4,3/24/2018,3/24/2018,English,Thriller,Watched,
Black Panther,Ryan Coogler,Movie,4,3.7,2/19/2018,2/19/2018,English,Fantasy,Watched,
Chi-Raq,Spike Lee,Movie,3,2.9,1/25/2018,1/25/2018,English,Comedy,Watched,
Darkest Hour,Joe Wright,Movie,3,3.7,1/4/2018,1/4/2018,English,Biography,Watched,
All the Money in the World,Ridley Scott,Movie,4,3.4,1/4/2018,1/4/2018,English,Thriller,Watched,
Baby,Neeraj Pandey,Movie,1,4.1,12/31/2017,12/31/2017,Hindi,Thriller,Watched,
Comrade Detective,"Brian Gatewood, Alex Tanaka",Series,3,3.7,12/12/2017,12/12/2017,Romanian,Thriller,Watched,
I Am Not Your Negro,Raoul Peck,Movie,4,3.9,12/7/2017,12/7/2017,English,"Documentary, History",Watched,
The Hateful Eight,Quentin Tarantino,Movie,4,3.9,11/24/2017,11/24/2017,English,Thriller,Watched,
"Three Billboards Outside Ebbing, Missouri",Martin McDonagh,Movie,5,4.1,11/24/2017,11/24/2017,English,Drama,Watched,
Friday Night Lights,Peter Berg,Movie,3,3.7,11/18/2017,11/18/2017,English,Sport,Watched,
Luther,Neil Cross,Series,4,4.3,11/18/2017,11/18/2017,English,Thriller,Watched,
Generation Kill,David Simon,Series,5,4.3,11/18/2017,11/18/2017,English,War,Watched,
Blade Runner 2049,Denis Villeneuve,Movie,3,4.0,11/4/2017,11/4/2017,English,Sci-Fi,Watched,
Frances Ha,Noah Baumbach,Movie,5,3.7,11/1/2017,11/1/2017,English,Comedy,Watched,
Show Me a Hero,"David Simon, William F. Zorzi",Series,5,4.1,10/10/2017,10/10/2017,English,History,Watched,
Lion,Garth Davis,Movie,5,4.1,10/9/2017,10/9/2017,English,Biography,Watched,
War Machine,David Michod,Movie,4,3.0,8/11/2017,8/11/2017,English,Comedy,Watched,
Free Fire,Ben Wheatley,Movie,4,3.2,8/3/2017,8/3/2017,English,Thriller,Watched,
The Secret in Their Eyes,Juan Jose Campanella,Movie,4,4.1,7/30/2017,7/30/2017,Spanish,Thriller,Watched,
Forgetting Sarah Marshall,Nicholas Stoller,Movie,3,3.6,7/28/2017,7/28/2017,English,Comedy,Watched,
Tampopo,Juzo Itami,Movie,4,4.0,7/28/2017,7/28/2017,Japanese,Comedy,Watched,
The Salesman,Asghar Farhadi,Movie,4,3.9,7/28/2017,7/28/2017,Persian,Drama,Watched,
Steve Jobs,Danny Boyle,Movie,4,3.6,7/24/2017,7/24/2017,English,Biography,Watched,
Kahaani 2,Sujoy Ghosh,Movie,4,3.3,7/24/2017,7/24/2017,Hindi,Thriller,Watched,
Dunkirk,Christopher Nolan,Movie,5,4.0,7/24/2017,7/24/2017,English,War,Watched,
Te3n,Ribhu Dasgupta,Movie,4,3.6,7/22/2017,7/22/2017,Hindi,Thriller,Watched,
The Night Of,"Richard Price, Steven Zaillian",Series,3,4.3,7/19/2017,7/19/2017,English,Thriller,Watched,
Spider-Man: Homecoming,Jon Watts,Movie,3,3.8,7/19/2017,7/19/2017,English,Fantasy,Watched,
Dev.D,Anurag Kashyap,Movie,4,4.0,7/19/2017,7/19/2017,Hindi,Romance,Watched,
Bombay Talkies,"Karan Johar, Zoya Akhtar, Anurag Kashyap, Dibakar Banerjee",Movie,4,3.4,7/19/2017,7/19/2017,Hindi,Drama,Watched,
Harry Potter and the Deathly Hallows: Part 2,David Yates,Movie,4,4.1,7/16/2017,7/16/2017,English,Fantasy,Watched,
A Death in the Gunj,Konkona Sen Sharma,Movie,3,3.8,7/4/2017,7/4/2017,Hindi,Drama,Watched,
Fury,David Ayer,Movie,4,3.8,7/2/2017,7/2/2017,English,War,Watched,
Hidden Figures,Theodore Melfi,Movie,4,3.9,7/1/2017,7/1/2017,English,Biography,Watched,
Fences,Denzel Washington,Movie,4,3.6,7/1/2017,7/1/2017,English,Drama,Watched,
The Crown,Peter Morgan,Series,5,4.4,6/21/2017,6/21/2017,English,History,Watched,
Patriot,Steven Conrad,Series,5,4.2,4/14/2017,4/14/2017,English,Comedy,Watched,
Get Out,Jordan Peele,Movie,5,3.9,3/16/2017,3/16/2017,English,Horror,Watched,
Whiplash,Damien Chazelle,Movie,5,4.3,3/4/2017,3/4/2017,English,Music,Watched,
Leviathan,Andrey Zvyagintsev,Movie,2,3.8,3/2/2017,3/2/2017,Russian,Drama,Watched,
The Edge of Seventeen,Kelly Fremon Craig,Movie,4,3.7,3/2/2017,3/2/2017,English,Drama,Watched,
Manchester by the Sea,Kenneth Lonergan,Movie,5,3.9,3/2/2017,3/2/2017,English,Drama,Watched,
The Birth of a Nation,Nate Parker,Movie,2,3.2,2/28/2017,2/28/2017,English,Biography,Watched,
Narcos,"Chris Brancato, Carlo Bernard, Doug Miro",Series,5,4.4,2/28/2017,2/28/2017,Spanish,Crime,Watched,
Hell or High Water,David Mackenzie,Movie,5,3.8,2/28/2017,2/28/2017,English,Thriller,Watched,
Queen of Katwe,Mira Nair,Movie,5,3.7,2/28/2017,2/28/2017,English,Sport,Watched,
The Motorcycle Diaries,Walter Salles,Movie,4,3.9,2/9/2017,2/9/2017,Spanish,Biography,Watched,
Neerja,Ram Madhvani,Movie,3,3.9,2/4/2017,2/4/2017,Hindi,Biography,Watched,
Udta Punjab,Abhishek Chaubey,Movie,4,3.9,2/4/2017,2/4/2017,Hindi,Romance,Watched,
Barbershop,Tim Story,Movie,4,3.2,1/15/2017,1/15/2017,English,Comedy,Watched,
The Infiltrator,Brad Furman,Movie,5,3.5,1/14/2017,1/14/2017,English,Thriller,Watched,
A Most Violent Year,J.C. Chandor,Movie,4,3.5,1/13/2017,1/13/2017,English,Thriller,Watched,
Star Wars: Episode V - The Empire Strikes Back,Irvin Kershner,Movie,2,4.4,1/8/2017,1/8/2017,English,Fantasy,Watched,
Star Wars: Episode VI - Return of the Jedi,Richard Marquand,Movie,2,4.2,1/8/2017,1/8/2017,English,Fantasy,Watched,
Star Wars,George Lucas,Movie,4,4.3,1/8/2017,1/8/2017,English,Fantasy,Watched,
The Fall,Allan Cubitt,Series,4,4.1,1/8/2017,1/8/2017,English,Thriller,Watched,
Sully,Clint Eastwood,Movie,4,3.8,12/30/2016,12/30/2016,English,Biography,Watched,
La La Land,Damien Chazelle,Movie,4,4.0,12/29/2016,12/29/2016,English,Romance,Watched,
Rogue One,Gareth Edwards,Movie,4,3.9,12/29/2016,12/29/2016,English,Thriller,Watched,
Suicide Squad,David Ayer,Movie,1,3.1,12/26/2016,12/26/2016,English,Fantasy,Watched,
Caddyshack,Harold Ramis,Movie,1,3.7,12/20/2016,12/20/2016,English,Comedy,Watched,
Arrival,Denis Villeneuve,Movie,5,4.0,12/20/2016,12/20/2016,English,Sci-Fi,Watched,
Stranger Things,"Matt Duffer, Ross Duffer",Series,5,4.5,12/4/2016,12/4/2016,English,Sci-Fi,Watched,
Citizenfour,Laura Poitras,Movie,5,4.1,11/17/2016,11/17/2016,English,"Documentary, Biography",Watched,
Eye in the Sky,Gavin Hood,Movie,5,3.7,11/13/2016,11/13/2016,English,War,Watched,
Sicario,Denis Villeneuve,Movie,4,3.8,11/10/2016,11/10/2016,English,Thriller,Watched,
Jo Jeeta Wohi Sikandar,Mansoor Khan,Movie,4,4.1,10/30/2016,10/30/2016,Hindi,Romance,Watched,
Sholay,Ramesh Sippy,Movie,4,4.1,10/30/2016,10/30/2016,Hindi,Drama,Watched,
Dheepan,Jacques Audiard,Movie,5,3.6,10/30/2016,10/30/2016,French,Drama,Watched,
Daredevil,Drew Goddard,Series,3,4.4,10/29/2016,10/29/2016,English,Fantasy,Watched,
Raman Raghav 2.0,Anurag Kashyap,Movie,4,3.7,10/23/2016,10/23/2016,Hindi,Thriller,Watched,
The Pentagon Wars,Richard Benjamin,Movie,4,3.7,10/18/2016,10/18/2016,English,War,Watched,
Room,Lenny Abrahamson,Movie,5,4.1,10/8/2016,10/8/2016,English,Drama,Watched,
Pink,Aniruddha Roy Chowdhury,Movie,4,4.1,10/3/2016,10/3/2016,Hindi,Drama,Watched,
Margarita with a Straw,"Shonali Bose, Nilesh Maniyar",Movie,2,3.7,9/12/2016,9/12/2016,Hindi,Drama,Watched,
St. Vincent,Theodore Melfi,Movie,4,3.7,9/8/2016,9/8/2016,English,Comedy,Watched,
Cartel Land,Matthew Heineman,Movie,5,3.7,8/29/2016,8/29/2016,English,Documentary,Watched,
Mean Streets,Martin Scorsese,Movie,1,3.7,8/27/2016,8/27/2016,English,Crime,Watched,
The Night Manager,David Farr,Series,5,4.1,8/27/2016,8/27/2016,English,Thriller,Watched,
Airlift,Raja Menon,Movie,4,4.1,8/24/2016,8/24/2016,Hindi,Drama,Watched,
Zodiac,David Fincher,Movie,5,3.9,8/24/2016,8/24/2016,English,Thriller,Watched,
Side Effects,Steven Soderbergh,Movie,3,3.6,8/21/2016,8/21/2016,English,Thriller,Watched,
Three Kings,David O. Russell,Movie,4,3.6,8/18/2016,8/18/2016,English,War,Watched,
Fight Club,David Fincher,Movie,4,4.4,8/11/2016,8/11/2016,English,Thriller,Watched,
Heaven,Tom Tykwer,Movie,4,3.6,8/11/2016,8/11/2016,English,Thriller,Watched,
Pawn Sacrifice,Edward Zwick,Movie,4,3.5,8/9/2016,8/9/2016,English,Biography,Watched,
Spotlight,Tom McCarthy,Movie,5,4.1,8/3/2016,8/3/2016,English,History,Watched,
Masaan,Neeraj Ghaywan,Movie,4,4.1,8/1/2016,8/1/2016,Hindi,Romance,Watched,
Calvary,John Michael McDonagh,Movie,4,3.7,8/1/2016,8/1/2016,English,Drama,Watched,
Quills,Philip Kaufman,Movie,5,3.7,7/24/2016,7/24/2016,English,Drama,Watched,
The Tailor of Panama,John Boorman,Movie,3,3.1,7/23/2016,7/23/2016,English,Thriller,Watched,
Top Five,Chris Rock,Movie,5,3.2,7/22/2016,7/22/2016,English,Comedy,Watched,
Election,Alexander Payne,Movie,3,3.7,7/16/2016,7/16/2016,English,Comedy,Watched,
Searching for Bobby Fischer,Steven Zaillian,Movie,4,3.8,7/16/2016,7/16/2016,English,Biography,Watched,
The Lincoln Lawyer,Brad Furman,Movie,3,3.7,7/15/2016,7/15/2016,English,Thriller,Watched,
Empire Falls,Richard Russo,Series,1,3.7,7/13/2016,7/13/2016,English,Drama,Watched,
99 Homes,Ramin Bahrani,Movie,4,3.6,7/9/2016,7/9/2016,English,Drama,Watched,
Finding Dory,"Andrew Stanton, Angus MacLane",Movie,1,3.7,7/2/2016,7/2/2016,English,Comedy,Watched,
Talvar,Meghna Gulzar,Movie,4,4.1,6/27/2016,6/27/2016,Hindi,Thriller,Watched,
The Replacements,Howard Deutch,Movie,3,3.3,5/30/2016,5/30/2016,English,Sport,Watched,
All the Way,Jay Roach,Movie,4,3.7,5/27/2016,5/27/2016,English,Biography,Watched,
Ballers,Stephen Levinson,Series,5,3.8,5/2/2016,5/2/2016,English,Comedy,Watched,
House of Games,David Mamet,Movie,4,3.7,4/24/2016,4/24/2016,English,Thriller,Watched,
Selma,Ava DuVernay,Movie,5,3.8,4/11/2016,4/11/2016,English,History,Watched,
Zootopia,"Rich Moore, Jared Bush, Byron Howard",Movie,4,4.0,3/26/2016,3/26/2016,English,Comedy,Watched,
Confessions of a Dangerous Mind,George Clooney,Movie,2,3.6,3/25/2016,3/25/2016,English,Biography,Watched,
Bridge of Spies,Steven Spielberg,Movie,3,3.8,3/23/2016,3/23/2016,English,War,Watched,
Filmistaan,Nitin Kakkar,Movie,3,3.7,2/27/2016,2/27/2016,English,Comedy,Watched,
The Big Short,Adam McKay,Movie,4,3.9,2/25/2016,2/25/2016,English,Biography,Watched,
Better Call Saul,"Vince Gilligan, Peter Gould",Series,5,4.4,2/25/2016,2/25/2016,English,Thriller,Watched,
Chittagong,Bedabrata Pain,Movie,1,3.7,2/22/2016,2/22/2016,Hindi,War,Watched,
Katiyabaaz,"Fahad Mustafa, Deepti Kakkar",Movie,5,3.9,2/22/2016,2/22/2016,English,"Documentary, Biography",Watched,
Mission: Impossible - Rogue Nation,Christopher McQuarrie,Movie,4,3.7,2/14/2016,2/14/2016,English,Thriller,Watched,
August: Osage County,John Wells,Movie,4,3.6,2/14/2016,2/14/2016,English,Drama,Watched,
Frank,Lenny Abrahamson,Movie,3,3.5,2/10/2016,2/10/2016,English,Comedy,Watched,
Mr. Robot,Sam Esmail,Series,3,4.3,2/7/2016,2/7/2016,English,Thriller,Watched,
Dum Laga Ke Haisha,Sharat Katariya,Movie,3,3.8,2/7/2016,2/7/2016,Hindi,Comedy,Watched,
Meet the Patels,"Ravi Patel, Geeta Patel",Movie,3,3.6,2/7/2016,2/7/2016,English,"Documentary, Romance",Watched,
Beasts of No Nation,Cary Joji Fukunaga,Movie,5,3.9,2/1/2016,2/1/2016,English,War,Watched,
Spider-Man,Sam Raimi,Movie,3,3.7,1/23/2016,1/23/2016,English,Fantasy,Watched,
Draft Day,Ivan Reitman,Movie,3,3.4,1/23/2016,1/23/2016,English,Sport,Watched,
The Big Year,David Frankel,Movie,4,3.1,1/23/2016,1/23/2016,English,Comedy,Watched,
India's Daughter,Leslee Udwin,Movie,5,4.1,1/23/2016,1/23/2016,Hindi,"Documentary, Biography",Watched,
The Revenant,Alejandro Innaritu,Movie,4,4.0,1/21/2016,1/21/2016,English,Western,Watched,
The Sopranos,David Chase,Series,4,4.6,1/19/2016,1/19/2016,English,Crime,Watched,
The Martian,Ridley Scott,Movie,4,4.0,1/19/2016,1/19/2016,English,Sci-Fi,Watched,
Some Like It Hot,Billy Wilder,Movie,5,4.1,12/30/2015,12/30/2015,English,Comedy,Watched,
Star Wars: Episode VII - The Force Awakens,J.J. Abrams,Movie,1,4.0,12/24/2015,12/24/2015,English,Fantasy,Watched,
Brooklyn,John Crowley,Movie,4,3.8,11/28/2015,11/28/2015,English,Romance,Watched,
Blood Simple,"Joel Coen, Ethan Coen",Movie,4,3.8,11/22/2015,11/22/2015,English,Thriller,Watched,
Dumb and Dumber,"Peter Farrelly, Bobby Farrelly",Movie,3,3.7,11/5/2015,11/5/2015,English,Comedy,Watched,
Wayward Pines,Chad Hodge,Series,2,3.8,10/30/2015,10/30/2015,English,Sci-Fi,Watched,
About Elly,Asghar Farhadi,Movie,5,4.0,10/13/2015,10/13/2015,Persian,Drama,Watched,
Nobody Knows,Hirokazu Koreeda,Movie,5,4.1,9/28/2015,9/28/2015,English,Drama,Watched,
Black Mass,Scott Cooper,Movie,4,3.5,9/24/2015,9/24/2015,English,Crime,Watched,
City of God,"Katia Lund, Fernando Meirelles",Movie,5,4.3,9/19/2015,9/19/2015,Portuguese,Drama,Watched,
Mardaani,Pradeep Sarkar,Movie,3,3.7,9/17/2015,9/17/2015,Hindi,Thriller,Watched,
The Drop,Michael R. Roskam,Movie,3,3.6,9/13/2015,9/13/2015,English,Thriller,Watched,
Gone Girl,David Fincher,Movie,4,4.1,9/10/2015,9/10/2015,English,Thriller,Watched,
The Great Dictator,Charles Chaplin,Movie,3,4.3,9/7/2015,9/7/2015,English,Comedy,Watched,
The Theory of Everything,James Marsh,Movie,3,3.9,9/7/2015,9/7/2015,English,Biography,Watched,
Piku,Shoojit Sircar,Movie,2,3.8,9/4/2015,9/4/2015,English,Comedy,Watched,
Hot Fuzz,Edgar Wright,Movie,3,4.0,9/4/2015,9/4/2015,English,Comedy,Watched,
Birdman or (The Unexpected Virtue of Ignorance),Alejandro Innaritu,Movie,5,3.9,8/31/2015,8/31/2015,English,Drama,Watched,
The Skin I live in,Pedro Almodovar,Movie,3,3.8,8/30/2015,8/30/2015,Spanish,Drama,Watched,
The Brink,"Roberto Benabib, Kim Benabib",Series,4,3.9,8/29/2015,8/29/2015,English,Comedy,Watched,
Queen,Vikas Bahl,Movie,3,4.1,8/24/2015,8/24/2015,Hindi,Drama,Watched,
Finding Fanny,Homi Adajania,Movie,3,2.9,8/24/2015,8/24/2015,Hindi,Romance,Watched,
How to Train Your Dragon,"Dean DeBlois, Chris Sanders",Movie,4,4.1,8/24/2015,8/24/2015,English,Fantasy,Watched,
Aamir,Raj Kumar Gupta,Movie,4,3.9,8/24/2015,8/24/2015,English,Thriller,Watched,
Ant-Man,Peyton Reed,Movie,4,3.7,8/20/2015,8/20/2015,English,Sci-Fi,Watched,
Interstellar,Christopher Nolan,Movie,4,4.3,8/18/2015,8/18/2015,English,Sci-Fi,Watched,
Focus,"Glenn Ficarra, John Requa",Movie,4,3.3,8/18/2015,8/18/2015,English,Romance,Watched,
Ugly,Anurag Kashyap,Movie,5,4.1,8/18/2015,8/18/2015,Hindi,Thriller,Watched,
Burn After Reading,"Joel Coen, Ethan Coen",Movie,5,3.5,8/18/2015,8/18/2015,English,Comedy,Watched,
No Smoking,Anurag Kashyap,Movie,5,3.6,8/15/2015,8/15/2015,Hindi,Drama,Watched,
Drishyam,Nishikant Kamat,Movie,3,4.2,8/12/2015,8/12/2015,Hindi,Thriller,Watched,
Detective Byomkesh Bakshy!,Dibakar Banerjee,Movie,4,3.8,8/8/2015,8/8/2015,Hindi,Thriller,Watched,
NH10,Navdeep Singh,Movie,4,3.6,8/6/2015,8/6/2015,Hindi,Thriller,Watched,
Bombay Velvet,Anurag Kashyap,Movie,1,2.9,8/5/2015,8/5/2015,Hindi,Thriller,Watched,
Miller's Crossing,"Joel Coen, Ethan Coen",Movie,4,3.9,7/20/2015,7/20/2015,English,Thriller,Watched,
Kingsman: The Secret Service,Matthew Vaughn,Movie,3,3.9,7/15/2015,7/15/2015,English,Thriller,Watched,
Ex Machina,Alex Garland,Movie,4,3.9,7/15/2015,7/15/2015,English,Sci-Fi,Watched,
The Judge,David Dobkin,Movie,4,3.7,7/15/2015,7/15/2015,English,Drama,Watched,
Cache,Michael Haneke,Movie,4,3.7,7/15/2015,7/15/2015,French,Thriller,Watched,
Shahid,Hansal Mehta,Movie,5,4.2,7/10/2015,7/10/2015,Hindi,Biography,Watched,
A Most Wanted Man,Anton Corbijn,Movie,5,3.4,7/4/2015,7/4/2015,English,Thriller,Watched,
Goodfellas,Martin Scorsese,Movie,3,4.4,7/3/2015,7/3/2015,English,Crime,Watched,
Casablanca,Michael Curtiz,Movie,3,4.3,7/3/2015,7/3/2015,English,Romance,Watched,
Schindler's List,Steven Spielberg,Movie,4,4.5,7/3/2015,7/3/2015,English,War,Watched,
"The Good, the bad and the ugly",Sergio Leone,Movie,4,4.5,7/3/2015,7/3/2015,English,Western,Watched,
The Matrix,"Lilly Wachowski, Lana Wachowski",Movie,4,4.4,7/3/2015,7/3/2015,English,Sci-Fi,Watched,
One Flew Over the Cuckoo's Nest,Milos Forman,Movie,4,4.4,7/3/2015,7/3/2015,English,Drama,Watched,
The Silence of the Lambs,Jonathan Demme,Movie,4,4.3,7/3/2015,7/3/2015,English,Thriller,Watched,
Life is Beautiful,Roberto Benigni,Movie,4,4.3,7/3/2015,7/3/2015,Italian,Comedy,Watched,
The Lord of the Rings: The Return of the King,Peter Jackson,Movie,5,4.5,7/3/2015,7/3/2015,English,Fantasy,Watched,
12 Angry Men,Sidney Lumet,Movie,5,4.5,7/3/2015,7/3/2015,English,Drama,Watched,
The Usual Suspects,Bryan Singer,Movie,5,4.3,7/3/2015,7/3/2015,English,Thriller,Watched,
Toy Story,John Lasseter,Movie,5,4.2,7/3/2015,7/3/2015,English,Comedy,Watched,
Toy Story 3,Lee Unkrich,Movie,5,4.2,7/3/2015,7/3/2015,English,Comedy,Watched,
Sherlock,"Mark Gatiss, Steven Moffat",Series,4,4.6,7/1/2015,7/1/2015,English,Thriller,Watched,
Breaking Bad,Vince Gilligan,Series,5,4.8,7/1/2015,7/1/2015,English,Crime,Watched,
True Detective,Cary Joji Fukunaga,Series,5,4.5,7/1/2015,7/1/2015,English,Thriller,Watched,
Leon,Luc Besson,Movie,1,4.3,6/21/2015,6/21/2015,French,Thriller,Watched,
Without a Clue,Thom Eberhardt,Movie,4,3.5,6/21/2015,6/21/2015,English,Comedy,Watched,
Inside Out,"Pete Docter, Ronnie Del Carmen",Movie,5,4.1,6/21/2015,6/21/2015,English,Comedy,Watched,
The Casual Vacancy,Sarah Phelps,Series,3,3.3,6/1/2015,6/1/2015,English,Drama,Watched,
The Last King of Scotland,Kevin Macdonald,Movie,4,3.9,5/30/2015,5/30/2015,English,Biography,Watched,
Olive Kitteridge,Jane Anderson,Series,5,4.2,5/24/2015,5/24/2015,English,Drama,Watched,
Inglourious Basterds,"Quentin Tarantino, Eli Roth",Movie,4,4.2,5/18/2015,5/18/2015,English,War,Watched,
Avengers: Age of Ultron,Joss Whedon,Movie,1,3.7,5/16/2015,5/16/2015,English,Fantasy,Watched,
Foxcatcher,Bennett Miller,Movie,3,3.5,5/9/2015,5/9/2015,English,Sport,Watched,
Bosch,Michael Connelly,Series,4,4.2,5/9/2015,5/9/2015,English,Crime,Watched,
Mission: Impossible,Brian De Palma,Movie,4,3.6,5/9/2015,5/9/2015,English,Thriller,Watched,
Ida,Pawel Pawlikowski,Movie,4,3.7,4/11/2015,4/11/2015,Polish,Drama,Watched,
The Americans,Joe Weisberg,Series,5,4.2,4/10/2015,4/10/2015,English,Thriller,Watched,
Haute Cuisine,Christian Vincent,Movie,4,3.2,3/28/2015,3/28/2015,French,Cooking,Watched,
Reservoir Dogs,Quentin Tarantino,Movie,4,4.2,3/27/2015,3/27/2015,English,Crime,Watched,
Three Walls,Nagesh Kukunoor,Movie,4,4.0,3/22/2015,3/22/2015,Hindi,Drama,Watched,
Joe,David Gordon Green,Movie,5,3.5,3/20/2015,3/20/2015,English,Drama,Watched,
Groundhog Day,Harold Ramis,Movie,4,4.0,3/6/2015,3/6/2015,English,Comedy,Watched,
The Trip to Italy,Michael Winterbottom,Movie,4,3.3,3/6/2015,3/6/2015,English,Cooking,Watched,
The Sting,George Roy Hill,Movie,4,4.2,2/28/2015,2/28/2015,English,Crime,Watched,
Badlapur,Sriram Raghavan,Movie,4,3.8,2/28/2015,2/28/2015,Hindi,Thriller,Watched,
Butch Cassidy and the Sundance Kid,George Roy Hill,Movie,5,4.1,2/28/2015,2/28/2015,English,Western,Watched,
Ankhon Dekhi,Rajat Kapoor,Movie,5,4.0,2/13/2015,2/13/2015,Hindi,Drama,Watched,
Chef,Jon Favreau,Movie,4,3.7,2/7/2015,2/7/2015,English,Cooking,Watched,
Galaxy Quest,Dean Parisot,Movie,2,3.7,2/2/2015,2/2/2015,English,Comedy,Watched,
The Secret of Kells,"Nora Twomey, Tomm Moore",Movie,3,3.9,2/2/2015,2/2/2015,English,Fantasy,Watched,
Shuddh Desi Romance,Maneesh Sharma,Movie,1,2.9,1/30/2015,1/30/2015,Hindi,Romance,Watched,
Ernest and Celestine,"Stephane Aubier, Benjamin Renner, Vincent Patar",Movie,5,4.0,1/28/2015,1/28/2015,French,Comedy,Watched,
"Lust, Caution",Ang Lee,Movie,4,3.8,1/27/2015,1/27/2015,Chinese,Thriller,Watched,
American Sniper,Clint Eastwood,Movie,3,3.7,1/21/2015,1/21/2015,English,War,Watched,
Offside,Jafar Panahi,Movie,3,3.7,1/21/2015,1/21/2015,Persian,Sport,Watched,
Amores perros,Alejandro Innaritu,Movie,4,4.1,1/17/2015,1/17/2015,Spanish,Drama,Watched,
Homeland,"Howard Gordon, Alex Gansa",Series,2,4.2,1/7/2015,1/7/2015,English,Thriller,Watched,
K-19: The Widowmaker,Kathryn Bigelow,Movie,4,3.4,1/4/2015,1/4/2015,English,War,Watched,
"Eat, Drink, Man, Woman",Ang Lee,Movie,4,3.9,1/1/2015,1/1/2015,Chinese,Drama,Watched,
The Bourne Identity,Doug Liman,Movie,5,4.0,12/31/2014,12/31/2014,English,Thriller,Watched,
The Bourne Supremacy,Paul Greengrass,Movie,5,3.9,12/31/2014,12/31/2014,English,Thriller,Watched,
The Imitation Game,Morten Tyldum,Movie,4,4.0,12/28/2014,12/28/2014,English,Biography,Watched,
Boyhood,Richard Linklater,Movie,5,4.0,12/25/2014,12/25/2014,English,Drama,Watched,
Locke,Steven Knight,Movie,5,3.6,12/25/2014,12/25/2014,English,Drama,Watched,
Lucy,Luc Besson,Movie,2,3.2,12/18/2014,12/18/2014,English,Thriller,Watched,
The Hundred-Foot Journey,Lasse Hallstrom,Movie,4,3.7,12/18/2014,12/18/2014,Hindi,Comedy,Watched,
Django Unchained,Quentin Tarantino,Movie,5,4.2,12/3/2014,12/3/2014,English,Western,Watched,
Dallas Buyers Club,Jean-Marc Vallee,Movie,3,4.0,11/29/2014,11/29/2014,English,Drama,Watched,
Pulp Fiction,Quentin Tarantino,Movie,5,4.5,11/28/2014,11/28/2014,English,Crime,Watched,
Nightcrawler,Dan Gilroy,Movie,5,4.0,11/21/2014,11/21/2014,English,Thriller,Watched,
Magnolia,Paul Thomas Anderson,Movie,1,4.0,11/12/2014,11/12/2014,English,Drama,Watched,
What About Bob?,Frank Oz,Movie,4,3.5,11/12/2014,11/12/2014,English,Comedy,Watched,
Kill Bill: Vol. 2,Quentin Tarantino,Movie,5,4.0,10/30/2014,10/30/2014,English,Thriller,Watched,
Kill Bill: Vol. 1,Quentin Tarantino,Movie,5,4.1,10/28/2014,10/28/2014,English,Thriller,Watched,
Million Dollar Arm,Craig Gillespie,Movie,4,3.5,10/25/2014,10/25/2014,English,Sport,Watched,
Jackie Brown,Quentin Tarantino,Movie,2,3.8,10/22/2014,10/22/2014,English,Thriller,Watched,
The Manchurian Candidate,Jonathan Demme,Movie,2,3.3,10/16/2014,10/16/2014,English,Thriller,Watched,
The Last Emperor,Bernardo Bertolucci,Movie,1,3.9,10/3/2014,10/3/2014,English,History,Watched,
Pushpak,Singeetam Srinivasa Rao,Movie,4,4.4,10/3/2014,10/3/2014,Hindi,Comedy,Watched,
The Long Walk Home,Richard Pearce,Movie,5,3.7,9/16/2014,9/16/2014,English,History,Watched,
Fantastic Mr. Fox,Wes Anderson,Movie,4,4.0,9/14/2014,9/14/2014,English,Comedy,Watched,
Three Days of the Condor,Sydney Pollack,Movie,3,3.8,9/6/2014,9/6/2014,English,Thriller,Watched,
Training Day,Antoine Fuqua,Movie,4,3.9,9/2/2014,9/2/2014,English,Crime,Watched,
The Master,Paul Thomas Anderson,Movie,2,3.6,8/24/2014,8/24/2014,English,Drama,Watched,
Twenty Feet from Stardom,Morgan Neville,Movie,5,3.7,8/24/2014,8/24/2014,English,"Documentary, Music",Watched,
Lone Survivor,Peter Berg,Movie,3,3.8,7/22/2014,7/22/2014,English,Drama,Watched,
Double Indemnity,Billy Wilder,Movie,4,4.2,7/20/2014,7/20/2014,English,Crime,Watched,
Nebraska,Alexander Payne,Movie,5,3.9,7/20/2014,7/20/2014,English,Drama,Watched,
Jack Ryan: Shadow Recruit,Kenneth Branagh,Movie,3,3.1,7/10/2014,7/10/2014,English,Thriller,Watched,
Mandela: Long Walk to Freedom,Justin Chadwick,Movie,4,3.6,7/9/2014,7/9/2014,English,Biography,Watched,
The Two Faces of January,Hossein Amini,Movie,4,3.1,7/9/2014,7/9/2014,English,Thriller,Watched,
That Girl in Yellow Boots,Anurag Kashyap,Movie,4,3.4,7/6/2014,7/6/2014,Hindi,Drama,Watched,
Swades,Ashutosh Gowariker,Movie,2,4.2,7/4/2014,7/4/2014,Hindi,Drama,Watched,
Madras Cafe,Shoojit Sircar,Movie,3,3.9,7/4/2014,7/4/2014,Hindi,Thriller,Watched,
Saheb Biwi Aur Gangster Returns,Tigmanshu Dhulia,Movie,1,3.4,7/2/2014,7/2/2014,Hindi,Thriller,Watched,
"LSD: Love, Sex Aur Dhokha",Dibakar Banerjee,Movie,5,3.6,6/30/2014,6/30/2014,English,Drama,Watched,
Winter's Bone,Debra Granik,Movie,2,3.6,6/28/2014,6/28/2014,English,Drama,Watched,
How to Train Your Dragon 2,Dean DeBlois,Movie,4,3.9,6/28/2014,6/28/2014,English,Fantasy,Watched,
The Grand Budapest Hotel,Wes Anderson,Movie,2,4.1,6/27/2014,6/27/2014,English,Comedy,Watched,
Stanley Ka Dabba,Ritesh Batra,Movie,4,3.9,6/27/2014,6/27/2014,Hindi,Drama,Watched,
Inside Llewyn Davis,"Joel Coen, Ethan Coen",Movie,4,3.8,6/27/2014,6/27/2014,English,Music,Watched,
Her,Spike Jonze,Movie,5,4.0,6/27/2014,6/27/2014,English,Romance,Watched,
Prisoners,Denis Villeneuve,Movie,4,4.1,3/18/2014,3/18/2014,English,Drama,Watched,
I Wish,Hirokazu Koreeda,Movie,3,3.7,3/2/2014,3/2/2014,Japanese,Drama,Watched,
Clockers,Spike Lee,Movie,5,3.5,3/2/2014,3/2/2014,English,Thriller,Watched,
Capote,Bennett Miller,Movie,5,3.7,2/26/2014,2/26/2014,English,Biography,Watched,
Sydney,Paul Thomas Anderson,Movie,4,3.6,2/21/2014,2/21/2014,English,Drama,Watched,
The Attack,Ziad Doueiri,Movie,5,3.6,2/17/2014,2/17/2014,Arabic,Drama,Watched,
The Spectacular Now,James Ponsoldt,Movie,3,3.6,2/16/2014,2/16/2014,English,Comedy,Watched,
Dog Day Afternoon,Sidney Lumet,Movie,3,4.0,2/14/2014,2/14/2014,English,Thriller,Watched,
Captain Phillips,Paul Greengrass,Movie,4,3.9,2/12/2014,2/12/2014,English,Biography,Watched,
Remember the Titans,Boaz Yakin,Movie,4,3.9,2/2/2014,2/2/2014,English,Sport,Watched,
The Iron Lady,Phyllida Lloyd,Movie,3,3.2,1/18/2014,1/18/2014,English,Biography,Watched,
There Will Be Blood,Paul Thomas Anderson,Movie,2,4.1,1/10/2014,1/10/2014,English,Drama,Watched,
Father of my Children,Mia Hansen-Love,Movie,3,3.4,1/10/2014,1/10/2014,English,Drama,Watched,
12 Years a Slave,Steve McQueen,Movie,5,4.1,1/8/2014,1/8/2014,English,History,Watched,
The Cider House Rules,Lasse Hallstrom,Movie,4,3.7,1/5/2014,1/5/2014,English,Drama,Watched,
The Godfather: Part II,Francis Ford Coppola,Movie,4,4.5,1/1/2014,1/1/2014,English,Crime,Watched,
Fawlty Towers,"John Cleese, Connie Booth",Series,4,4.4,1/1/2014,1/1/2014,English,Comedy,Watched,
Lost,"Jeffrey Lieber, J. J. Abrams, Damon Lindelof",Series,4,4.2,1/1/2014,1/1/2014,English,Drama,Watched,
Mr. and Mrs. Iyer,Aparna Sen,Movie,4,4.0,1/1/2014,1/1/2014,Hindi,Drama,Watched,
Annie Hall,Woody Allen,Movie,4,4.0,1/1/2014,1/1/2014,English,Romance,Watched,
Almost Famous,Cameron Crowe,Movie,4,4.0,1/1/2014,1/1/2014,English,Music,Watched,
In Bruges,Martin McDonagh,Movie,4,4.0,1/1/2014,1/1/2014,English,Thriller,Watched,
Lost in Translation,Sofia Coppola,Movie,4,3.9,1/1/2014,1/1/2014,English,Romance,Watched,
Real Steel,Shawn Levy,Movie,4,3.6,1/1/2014,1/1/2014,English,Sport,Watched,
Victory,John Huston,Movie,4,3.3,1/1/2014,1/1/2014,English,"Drama, Sport, War",Watched,
American Hustle,David O. Russell,Movie,5,3.6,1/1/2014,1/1/2014,English,Crime,Watched,
The Hobbit: The Desolation of Smaug,Peter Jackson,Movie,3,3.9,12/29/2013,12/29/2013,English,Fantasy,Watched,
Casino,Martin Scorsese,Movie,1,4.1,12/27/2013,12/27/2013,English,Crime,Watched,
The Color of Money,Martin Scorsese,Movie,3,3.5,12/27/2013,12/27/2013,English,Drama,Watched,
Elysium,Neill Blomkamp,Movie,1,3.3,12/23/2013,12/23/2013,English,Sci-Fi,Watched,
Shatranj Ke Khilari,Satyajit Ray,Movie,5,3.9,12/23/2013,12/23/2013,English,Drama,Watched,
Blue Jasmine,Woody Allen,Movie,4,3.7,12/17/2013,12/17/2013,English,Comedy,Watched,
The World's End,Edgar Wright,Movie,4,3.5,12/17/2013,12/17/2013,English,Comedy,Watched,
Mission: Impossible II,John Woo,Movie,3,3.1,11/24/2013,11/24/2013,English,Thriller,Watched,
Olympus Has Fallen,Antoine Fuqua,Movie,1,3.3,11/10/2013,11/10/2013,English,Thriller,Watched,
C.R.A.Z.Y.,Jean-Marc Vallee,Movie,4,4.0,11/1/2013,11/1/2013,French,Comedy,Watched,
Biutiful,Alejandro G. Inarritu,Movie,4,3.8,10/31/2013,10/31/2013,Spanish,Drama,Watched,
Quiz Show,Robert Redford,Movie,5,3.8,10/27/2013,10/27/2013,English,Drama,Watched,
The Man Who Shot Liberty Valance,John Ford,Movie,5,4.1,10/18/2013,10/18/2013,English,Western,Watched,
The Place Beyond the Pines,Derek Cianfrance,Movie,3,3.7,10/11/2013,10/11/2013,English,Thriller,Watched,
36th precinct,Olivier Marchal,Movie,4,3.6,10/11/2013,10/11/2013,French,Thriller,Watched,
Les Lyonnais,Olivier Marchal,Movie,4,3.5,10/11/2013,10/11/2013,English,Crime,Watched,
Green Zone,Paul Greengrass,Movie,4,3.4,10/11/2013,10/11/2013,English,War,Watched,
Special Chabbis,Neeraj Pandey,Movie,4,4.0,10/8/2013,10/8/2013,English,Thriller,Watched,
Le passe,Asghar Farhadi,Movie,4,3.9,10/8/2013,10/8/2013,French,Drama,Watched,
Along Came Polly,John Hamburg,Movie,4,3.0,10/8/2013,10/8/2013,English,Comedy,Watched,
Lars and the Real Girl,Craig Gillespie,Movie,5,3.7,9/22/2013,9/22/2013,English,Drama,Watched,
Mud,Jeff Nichols,Movie,4,3.7,9/18/2013,9/18/2013,English,Drama,Watched,
The Departed,Martin Scorsese,Movie,4,4.3,9/4/2013,9/4/2013,English,Thriller,Watched,
L.A. Confidential,Curtis Hanson,Movie,4,4.2,9/4/2013,9/4/2013,English,Thriller,Watched,
To Kill a Mockingbird,Robert Mulligan,Movie,4,4.2,9/4/2013,9/4/2013,English,Drama,Watched,
Do the Right Thing,Spike Lee,Movie,4,4.0,9/4/2013,9/4/2013,English,Drama,Watched,
Rashomon,Akira Kurosawa,Movie,5,4.2,9/4/2013,9/4/2013,Japanese,Drama,Watched,
Summer of Sam,Spike Lee,Movie,3,3.3,9/1/2013,9/1/2013,English,Thriller,Watched,
He Got Game,Spike Lee,Movie,4,3.5,9/1/2013,9/1/2013,English,Sport,Watched,
21 Grams,Alejandro Innaritu,Movie,4,3.9,8/25/2013,8/25/2013,English,Drama,Watched,
Veep,Armando Iannucci,Series,4,4.1,8/16/2013,8/16/2013,English,Comedy,Watched,
No,Pablo Larrain,Movie,4,3.7,8/11/2013,8/11/2013,Spanish,History,Watched,
The Gatekeepers,Dror Moreh,Movie,3,3.8,8/8/2013,8/8/2013,English,War,Watched,
Being John Malkovich,Spike Jonze,Movie,5,3.9,8/4/2013,8/4/2013,English,Comedy,Watched,
Fruitvale Station,Ryan Coogler,Movie,5,3.8,8/3/2013,8/3/2013,English,Biography,Watched,
The Science of Sleep,Michel Gondry,Movie,5,3.7,8/3/2013,8/3/2013,French,Romance,Watched,
Trainspotting,Danny Boyle,Movie,4,4.1,8/2/2013,8/2/2013,English,Drama,Watched,
Inside Man,Spike Lee,Movie,5,3.8,8/2/2013,8/2/2013,English,Thriller,Watched,
The Hangover,Todd Phillips,Movie,3,3.9,7/26/2013,7/26/2013,English,Comedy,Watched,
Treme,David Simon,Series,1,4.1,7/23/2013,7/23/2013,English,Drama,Watched,
Sarkar,Ram Gopal Varma,Movie,1,3.9,7/23/2013,7/23/2013,Hindi,Crime,Watched,
Our Idiot Brother,Jesse Peretz,Movie,4,3.2,7/21/2013,7/21/2013,English,Comedy,Watched,
The Emperor and the Assassin,Kaige Chen,Movie,1,3.7,7/17/2013,7/17/2013,English,History,Watched,
Charlie Wilson's War,Mike Nichols,Movie,3,3.6,7/12/2013,7/12/2013,English,Biography,Watched,
Lootera,Vikramaditya Motwane,Movie,4,3.7,7/7/2013,7/7/2013,Hindi,Romance,Watched,
Shanghai,Dibakar Banerjee,Movie,4,3.6,7/7/2013,7/7/2013,Hindi,Thriller,Watched,
"Crazy, Stupid, Love","Glenn Ficarra, John Requa",Movie,2,3.7,7/6/2013,7/6/2013,English,"Comedy, Family",Watched,
Departures,Yojiro Takita,Movie,3,4.1,7/5/2013,7/5/2013,Japanese,Drama,Watched,
3:10 to Yuma,James Mangold,Movie,4,3.9,7/4/2013,7/4/2013,English,Western,Watched,
The Ides of March,George Clooney,Movie,4,3.6,7/4/2013,7/4/2013,English,Thriller,Watched,
Easy money,Daniel Espinosa,Movie,2,3.4,6/25/2013,6/25/2013,Swedish,Thriller,Watched,
Downfall,Oliver Hirschbiegel,Movie,2,4.1,6/18/2013,6/18/2013,German,War,Watched,
Tinker Tailor Soldier Spy,Tomas Alfredson,Movie,3,3.6,6/18/2013,6/18/2013,English,Thriller,Watched,
Valkyrie,Bryan Singer,Movie,4,3.6,6/18/2013,6/18/2013,English,Thriller,Watched,
Kai po che!,Abhishek Kapoor,Movie,3,3.8,6/10/2013,6/10/2013,Hindi,Sport,Watched,
Talaash,Reema Kagti,Movie,2,3.7,6/9/2013,6/9/2013,Hindi,Thriller,Watched,
Malcolm X,Spike Lee,Movie,3,3.9,6/2/2013,6/2/2013,English,Biography,Watched,
Kagemusha,Akira Kurosawa,Movie,4,4.0,5/24/2013,5/24/2013,Japanese,Drama,Watched,
The Siege,Edward Zwick,Movie,4,3.2,5/18/2013,5/18/2013,English,Thriller,Watched,
The Conversation,Francis Ford Coppola,Movie,4,4.0,5/12/2013,5/12/2013,English,Thriller,Watched,
Zero Dark Thirty,Kathryn Bigelow,Movie,5,3.7,5/12/2013,5/12/2013,English,Thriller,Watched,
Frankie and Johnny,Garry Marshall,Movie,3,3.4,4/28/2013,4/28/2013,English,Romance,Watched,
The Rise,Rowan Athale,Movie,3,3.3,4/28/2013,4/28/2013,English,Thriller,Watched,
Concussion,Stacie Passon,Movie,3,2.9,4/28/2013,4/28/2013,English,Drama,Watched,
A Hijacking,Tobias Lindholm,Movie,4,3.6,4/28/2013,4/28/2013,Danish,Thriller,Watched,
The Way Way Back,"Jim Rash, Nat Faxon",Movie,4,3.7,4/26/2013,4/26/2013,English,"Comedy, Family",Watched,
The Savages,Tamara Jenkins,Movie,2,3.6,4/23/2013,4/23/2013,English,Drama,Watched,
Sunshine Cleaning,Christine Jeffs,Movie,4,3.5,4/23/2013,4/23/2013,English,Drama,Watched,
Life of Pi,Ang Lee,Movie,3,4.0,4/11/2013,4/11/2013,English,Fantasy,Watched,
Argo,Ben Affleck,Movie,4,3.9,4/11/2013,4/11/2013,English,Thriller,Watched,
Looper,Rian Johnson,Movie,4,3.7,4/11/2013,4/11/2013,English,Thriller,Watched,
Silver Linings Playbook,David O. Russell,Movie,5,3.9,4/11/2013,4/11/2013,English,Drama,Watched,
Beasts of the Southern Wild,Benh Zeitlin,Movie,3,3.7,3/9/2013,3/9/2013,English,Fantasy,Watched,
Roman Holiday,William Wyler,Movie,4,4.1,2/12/2013,2/12/2013,English,Romance,Watched,
The Graduate,Mike Nichols,Movie,4,4.0,2/12/2013,2/12/2013,English,Drama,Watched,
Manhattan,Woody Allen,Movie,4,4.0,2/12/2013,2/12/2013,English,Romance,Watched,
Eyes Wide Shut,Stanley Kubrick,Movie,4,3.7,2/12/2013,2/12/2013,English,Thriller,Watched,
House of Cards,Beau Willimon,Series,4,4.4,2/10/2013,2/10/2013,English,Thriller,Watched,
Diary of a Wimpy Kid: Dog Days,David Bowers,Movie,4,3.2,12/29/2012,12/29/2012,English,Comedy,Watched,
Sabrina,Billy Wilder,Movie,2,3.9,12/27/2012,12/27/2012,English,Comedy,Watched,
The Apartment,Billy Wilder,Movie,4,4.2,12/27/2012,12/27/2012,English,Comedy,Watched,
Irma la Douce,Billy Wilder,Movie,4,3.7,12/27/2012,12/27/2012,English,Comedy,Watched,
Premium Rush,David Koepp,Movie,3,3.3,12/25/2012,12/25/2012,English,Thriller,Watched,
Lincoln,Steven Spielberg,Movie,4,3.7,12/24/2012,12/24/2012,English,Biography,Watched,
X: First Class,Matthew Vaughn,Movie,3,3.9,12/19/2012,12/19/2012,English,Fantasy,Watched,
Jiro Dreams of Sushi,David Gelb,Movie,5,4.0,12/15/2012,12/15/2012,English,"Documentary, Cooking",Watched,
Headhunters,Morten Tyldum,Movie,4,3.8,12/10/2012,12/10/2012,Norwegian,Thriller,Watched,
Barfi!,Anurag Basu,Movie,1,4.1,12/9/2012,12/9/2012,Hindi,Romance,Watched,
Khosla Ka Ghosla!,Dibakar Banerjee,Movie,4,4.2,12/9/2012,12/9/2012,Hindi,Comedy,Watched,
Oye Lucky! Lucky Oye!,Dibakar Banerjee,Movie,4,3.9,12/9/2012,12/9/2012,Hindi,Comedy,Watched,
The Fighter,David O. Russell,Movie,5,3.9,12/9/2012,12/9/2012,English,Sport,Watched,
Wreck-It Ralph,Rich Moore,Movie,4,3.9,12/8/2012,12/8/2012,English,Fantasy,Watched,
The Kids Are All Right,Lisa Cholodenko,Movie,2,3.5,12/6/2012,12/6/2012,English,Drama,Watched,
Dil Chahta Hai,Farhan Akhtar,Movie,4,4.1,12/6/2012,12/6/2012,Hindi,Comedy,Watched,
Dr. Strangelove or: How I Learned to Stop Worrying and Love the Bomb,Stanley Kubrick,Movie,5,4.2,12/6/2012,12/6/2012,English,Comedy,Watched,
Katha,Sai Paranjape,Movie,5,4.0,12/6/2012,12/6/2012,Hindi,Comedy,Watched,
Peepli (Live),"Anusha Rizvi, Mahmood Farooqui",Movie,5,3.7,12/6/2012,12/6/2012,Hindi,Drama,Watched,
Skyfall,Sam Mendes,Movie,3,3.9,12/2/2012,12/2/2012,English,Thriller,Watched,
Lagaan: Once Upon a Time in India,Ashutosh Gowariker,Movie,4,4.1,12/2/2012,12/2/2012,Hindi,Sport,Watched,
3 Idiots,Rajkumar Hirani,Movie,1,4.2,11/26/2012,11/26/2012,English,Comedy,Watched,
Rise of the Guardians,Peter Ramsey,Movie,2,3.7,11/25/2012,11/25/2012,English,Fantasy,Watched,
I Heart Huckabees,David O. Russell,Movie,2,3.4,11/16/2012,11/16/2012,English,Comedy,Watched,
The Adjustment Bureau,George Nolfi,Movie,3,3.6,11/11/2012,11/11/2012,English,Sci-Fi,Watched,
Hanna,Joe Wright,Movie,3,3.4,11/11/2012,11/11/2012,English,Thriller,Watched,
Cyrus,"Mark Duplass, Jay Duplass",Movie,3,3.2,11/11/2012,11/11/2012,English,Comedy,Watched,
Hannah and Her Sisters,Woody Allen,Movie,4,4.0,11/11/2012,11/11/2012,English,Drama,Watched,
Drive,Nicolas Winding Refn,Movie,4,3.9,11/11/2012,11/11/2012,English,Thriller,Watched,
Philadelphia,Jonathan Demme,Movie,4,3.9,11/11/2012,11/11/2012,English,Drama,Watched,
As Good as It Gets,James L. Brooks,Movie,4,3.9,11/11/2012,11/11/2012,English,Romance,Watched,
Garden State,Zach Braff,Movie,4,3.8,11/11/2012,11/11/2012,English,Comedy,Watched,
Source Code,Duncan Jones,Movie,4,3.8,11/11/2012,11/11/2012,English,Thriller,Watched,
Identity,James Mangold,Movie,4,3.7,11/11/2012,11/11/2012,English,Thriller,Watched,
Unknown,Jaume Collet-Serra,Movie,4,3.5,11/11/2012,11/11/2012,English,Thriller,Watched,
Eternal Sunshine of the Spotless Mind,Michel Gondry,Movie,5,4.2,11/11/2012,11/11/2012,English,Romance,Watched,
Sideways,Alexander Payne,Movie,5,3.8,11/11/2012,11/11/2012,English,Comedy,Watched,
Kahaani,Sujoy Ghosh,Movie,4,4.1,10/31/2012,10/31/2012,Hindi,Thriller,Watched,
Life in a Metro,Anurag Basu,Movie,2,3.7,10/5/2012,10/5/2012,Hindi,Drama,Watched,
Damages,"Todd Kessler, Glenn Kessler, Daniel Zelman",Series,4,4.1,8/24/2012,8/24/2012,English,Thriller,Watched,
The Wire,David Simon,Series,5,4.7,8/24/2012,8/24/2012,English,Crime,Watched,
The Bourne Legacy,Tony Gilroy,Movie,4,3.4,8/19/2012,8/19/2012,English,Thriller,Watched,
Contagion,Steven Soderbergh,Movie,4,3.3,7/31/2012,7/31/2012,English,Thriller,Watched,
The Prestige,Christopher Nolan,Movie,4,4.3,7/30/2012,7/30/2012,English,Thriller,Watched,
The Soloist,Joe Wright,Movie,4,3.4,7/30/2012,7/30/2012,English,Biography,Watched,
Please Give,Nicole Holofcener,Movie,4,3.3,7/30/2012,7/30/2012,English,Drama,Watched,
Ishqiya,Abhishek Chaubey,Movie,1,3.7,7/29/2012,7/29/2012,Hindi,Drama,Watched,
Submarine,Richard Ayoade,Movie,4,3.7,7/29/2012,7/29/2012,English,Drama,Watched,
The Dark Knight Rises,Christopher Nolan,Movie,2,4.2,7/25/2012,7/25/2012,English,Fantasy,Watched,
JFK,Oliver Stone,Movie,3,4.0,7/25/2012,7/25/2012,English,History,Watched,
The Doors,Oliver Stone,Movie,3,3.6,7/25/2012,7/25/2012,English,Biography,Watched,
American Beauty,Sam Mendes,Movie,4,4.2,7/22/2012,7/22/2012,English,Drama,Watched,
The Insider,Michael Mann,Movie,4,4.0,7/22/2012,7/22/2012,English,Thriller,Watched,
Ek Hasina Thi,Sriram Raghavan,Movie,4,3.8,7/22/2012,7/22/2012,Hindi,Thriller,Watched,
Saheb Biwi Aur Gangster,Tigmanshu Dhulia,Movie,4,3.6,7/22/2012,7/22/2012,Hindi,Thriller,Watched,
Margin Call,J.C. Chandor,Movie,4,3.6,7/22/2012,7/22/2012,English,Thriller,Watched,
Fargo,"Joel Coen, Ethan Coen",Movie,5,4.1,7/22/2012,7/22/2012,English,Comedy,Watched,
The Big Lebowski,"Joel Coen, Ethan Coen",Movie,5,4.1,7/22/2012,7/22/2012,English,Comedy,Watched,
No Country for Old Men,"Joel Coen, Ethan Coen",Movie,5,4.1,7/22/2012,7/22/2012,English,Thriller,Watched,
Jane Eyre,Cary Joji Fukunaga,Movie,5,3.7,7/22/2012,7/22/2012,English,Romance,Watched,
Haywire,Steven Soderbergh,Movie,3,2.9,7/21/2012,7/21/2012,English,Thriller,Watched,
The Dark Knight,Christopher Nolan,Movie,4,4.5,7/19/2012,7/19/2012,English,Fantasy,Watched,
Inception,Christopher Nolan,Movie,5,4.4,7/19/2012,7/19/2012,English,Sci-Fi,Watched,
The Town,Ben Affleck,Movie,3,3.8,7/15/2012,7/15/2012,English,Thriller,Watched,
Julie & Julia,Nora Ephron,Movie,3,3.5,7/15/2012,7/15/2012,English,Biography,Watched,
Point Blank,Fred Cavaye,Movie,4,3.4,7/15/2012,7/15/2012,French,Thriller,Watched,
The Debt,John Madden,Movie,2,3.5,7/14/2012,7/14/2012,English,Thriller,Watched,
Mr. & Mrs. Smith,Doug Liman,Movie,2,3.3,7/10/2012,7/10/2012,English,Thriller,Watched,
The Kid with a Bike,"Luc Dardenne, Jean-Pierre Dardenne",Movie,4,3.7,7/10/2012,7/10/2012,French,Drama,Watched,
The Amazing Spider-Man,Marc Webb,Movie,4,3.5,7/6/2012,7/6/2012,English,Fantasy,Watched,
Ab Tak Chhappan,Shimit Amin,Movie,3,4.0,7/5/2012,7/5/2012,Hindi,Thriller,Watched,
Gangs of Wasseypur,Anurag Kashyap,Movie,5,4.1,7/3/2012,7/3/2012,Hindi,Crime,Watched,
Black Friday,Anurag Kashyap,Movie,5,4.3,7/1/2012,7/1/2012,English,History,Watched,
Stanley Ka Dabba,Amole Gupte,Movie,3,4.0,6/30/2012,6/30/2012,Hindi,Drama,Watched,
Gulaal,Anurag Kashyap,Movie,4,4.1,6/27/2012,6/27/2012,Hindi,Thriller,Watched,
Johnny Gaddaar,Sriram Raghavan,Movie,4,4.0,6/23/2012,6/23/2012,Hindi,Thriller,Watched,
Manorama Six Feet Under,Navdeep Singh,Movie,4,3.9,6/20/2012,6/20/2012,Hindi,Thriller,Watched,
Contraband,Baltasar Kormakur,Movie,4,3.3,6/18/2012,6/18/2012,English,"Thriller, Family",Watched,
Young Adult,Jason Reitman,Movie,4,3.2,6/18/2012,6/18/2012,English,Comedy,Watched,
Wall Street,Oliver Stone,Movie,2,3.7,6/13/2012,6/13/2012,English,Drama,Watched,
Serendipity,Peter Chelsom,Movie,2,3.5,6/13/2012,6/13/2012,English,Romance,Watched,
21,Robert Luketic,Movie,3,3.4,6/13/2012,6/13/2012,English,Thriller,Watched,
Blood Diamond,Edward Zwick,Movie,4,4.0,6/13/2012,6/13/2012,English,Drama,Watched,
American Gangster,Ridley Scott,Movie,4,3.9,6/13/2012,6/13/2012,English,Biography,Watched,
Rounders,John Dahl,Movie,5,3.7,6/13/2012,6/13/2012,English,Crime,Watched,
Paan Singh Tomar,Tigmanshu Dhulia,Movie,4,4.1,6/9/2012,6/9/2012,Hindi,Biography,Watched,
Monsieur Lazhar,Philippe Falardeau,Movie,3,3.8,6/6/2012,6/6/2012,French,Drama,Watched,
The Constant Gardener,Fernando Meirelles,Movie,4,3.7,5/31/2012,5/31/2012,English,Thriller,Watched,
Maria Full of Grace,Joshua Marston,Movie,5,3.8,5/31/2012,5/31/2012,English,Drama,Watched,
Fish Tank,Andrea Arnold,Movie,5,3.7,5/23/2012,5/23/2012,English,Drama,Watched,
Frost/Nixon,Ron Howard,Movie,3,3.9,5/20/2012,5/20/2012,English,Biography,Watched,
Syriana,Stephen Gaghan,Movie,4,3.5,5/20/2012,5/20/2012,English,War,Watched,
Michael Clayton,Tony Gilroy,Movie,3,3.7,5/13/2012,5/13/2012,English,Thriller,Watched,
Mystic River,Clint Eastwood,Movie,4,4.0,5/13/2012,5/13/2012,English,Thriller,Watched,
The Girl with the Dragon Tattoo,Niels Arden Oplev,Movie,4,3.9,5/13/2012,5/13/2012,Swedish,Thriller,Watched,
Gone Baby Gone,Ben Affleck,Movie,4,3.9,5/13/2012,5/13/2012,English,Thriller,Watched,
Insomnia,Christopher Nolan,Movie,4,3.6,5/13/2012,5/13/2012,English,Thriller,Watched,
Breach,Billy Ray,Movie,5,3.5,5/13/2012,5/13/2012,English,Biography,Watched,
Trishna,Michael Winterbottom,Movie,1,3.0,4/30/2012,4/30/2012,English,Drama,Watched,
Wuthering Heights,Andrea Arnold,Movie,2,3.1,4/30/2012,4/30/2012,English,Romance,Watched,
Udaan,Vikramaditya Motwane,Movie,4,4.1,4/30/2012,4/30/2012,Hindi,Drama,Watched,
The Imposter,Bart Layton,Movie,4,3.8,4/27/2012,4/27/2012,English,"Documentary, Biography",Watched,
Polisse,Maiwenn,Movie,4,3.7,4/27/2012,4/27/2012,French,Crime,Watched,
Anand,Hrishikesh Mukherjee,Movie,4,4.4,4/22/2012,4/22/2012,Hindi,Drama,Watched,
All about my mother,Pedro Almodovar,Movie,4,4.0,4/22/2012,4/22/2012,Spanish,Drama,Watched,
The Battle of Red Cliffs,John Woo,Movie,4,3.7,4/22/2012,4/22/2012,Chinese,War,Watched,
A Mighty Heart,Michael Winterbottom,Movie,4,3.4,4/22/2012,4/22/2012,English,Drama,Watched,
The Thomas Crown Affair,John McTiernan,Movie,2,3.4,4/18/2012,4/18/2012,English,Thriller,Watched,
Slumdog Millionaire,"Loveleen Tandan, Danny Boyle",Movie,3,4.0,4/18/2012,4/18/2012,Hindi,Romance,Watched,
"Paris, je t'aime","Bruno Podalydes, Wes Craven, Daniela Thomas, Joel Coen, Frederic Auburtin, Oliver Schmitz, Nobuhiro Suwa, Richard LaGravenese, Isabel Coixet, Walter Salles, Gerard Depardieu, Gurinder Chadha, Vincenzo Natali, Tom Tykwer, Ethan Coen, Emmanuel Benbihy, Olivier Assayas, Alexander Payne, Alfonso Cuaron, Gus Van Sant, Christopher Doyle, Sylvain Chomet",Movie,3,3.7,4/18/2012,4/18/2012,French,Romance,Watched,
Elektra,Rob Bowman,Movie,3,2.4,4/18/2012,4/18/2012,English,Fantasy,Watched,
Modern Family,"Christopher Lloyd, Steven Levitan",Series,4,4.2,4/18/2012,4/18/2012,English,Comedy,Watched,
Gran Torino,Clint Eastwood,Movie,4,4.1,4/18/2012,4/18/2012,English,Drama,Watched,
"Good Night, and Good Luck.",George Clooney,Movie,4,3.8,4/18/2012,4/18/2012,English,Biography,Watched,
Tootsie,Sydney Pollack,Movie,4,3.7,4/18/2012,4/18/2012,English,Comedy,Watched,
Revolutionary Road,Sam Mendes,Movie,4,3.7,4/18/2012,4/18/2012,English,Drama,Watched,
Dum Maaro Dum,Rohan Sippy,Movie,4,3.1,4/18/2012,4/18/2012,Hindi,Thriller,Watched,
The Shawshank Redemption,Frank Darabont,Movie,5,4.7,4/18/2012,4/18/2012,English,Drama,Watched,
Nuovo Cinema Paradiso,Giuseppe Tornatore,Movie,5,4.3,4/18/2012,4/18/2012,Italian,Drama,Watched,
Gandhi,Richard Attenborough,Movie,5,4.1,4/18/2012,4/18/2012,English,Biography,Watched,
State of Grace,"Michael Lee Baron, Phil Joanou",Movie,3,3.7,4/13/2012,4/13/2012,English,Crime,Watched,
The Game,David Fincher,Movie,1,3.9,4/3/2012,4/3/2012,English,Thriller,Watched,
GoldenEye,Martin Campbell,Movie,2,3.6,4/3/2012,4/3/2012,English,Thriller,Watched,
Vertigo,Alfred Hitchcock,Movie,3,4.2,4/3/2012,4/3/2012,English,Thriller,Watched,
Babel,Alejandro Innaritu,Movie,3,3.8,4/3/2012,4/3/2012,English,Drama,Watched,
Doubt,John Patrick Shanley,Movie,3,3.8,4/3/2012,4/3/2012,English,Drama,Watched,
Crazy Heart,Scott Cooper,Movie,3,3.7,4/3/2012,4/3/2012,English,Music,Watched,
Salaam Bombay!,Mira Nair,Movie,4,4.0,4/3/2012,4/3/2012,Hindi,Drama,Watched,
The Untouchables,Brian De Palma,Movie,4,4.0,4/3/2012,4/3/2012,English,Crime,Watched,
Milk,Gus Van Sant,Movie,4,3.8,4/3/2012,4/3/2012,English,Biography,Watched,
Up in the Air,Jason Reitman,Movie,4,3.7,4/3/2012,4/3/2012,English,Comedy,Watched,
An Education,Lone Scherfig,Movie,4,3.7,4/3/2012,4/3/2012,English,Drama,Watched,
Animal Kingdom,David Michod,Movie,4,3.7,4/3/2012,4/3/2012,English,Crime,Watched,
The Italian Job,F. Gary Gray,Movie,4,3.5,4/3/2012,4/3/2012,English,"Thriller, Family",Watched,
Cop Land,James Mangold,Movie,4,3.5,4/3/2012,4/3/2012,English,Crime,Watched,
Bend It Like Beckham,Gurinder Chadha,Movie,4,3.4,4/3/2012,4/3/2012,Hindi,Sport,Watched,
Jaane Bhi Do Yaaro,Kundan Shah,Movie,5,4.3,4/3/2012,4/3/2012,Hindi,Comedy,Watched,
Chinatown,Roman Polanski,Movie,5,4.1,4/3/2012,4/3/2012,English,Thriller,Watched,
Ardh Satya,Govind Nihalani,Movie,5,4.1,4/3/2012,4/3/2012,Hindi,Drama,Watched,
The King's Speech,Tom Hooper,Movie,5,4.0,4/3/2012,4/3/2012,English,"Comedy, Family",Watched,
Entre les murs,Laurent Cantet,Movie,5,3.8,4/3/2012,4/3/2012,French,Drama,Watched,
Juno,Jason Reitman,Movie,5,3.8,4/3/2012,4/3/2012,English,"Comedy, Family",Watched,
The Descendants,Alexander Payne,Movie,5,3.7,4/3/2012,4/3/2012,English,Drama,Watched,
Carlito's Way,Brian De Palma,Movie,2,4.0,3/25/2012,3/25/2012,English,Crime,Watched,
Layer Cake,Matthew Vaughn,Movie,2,3.7,3/25/2012,3/25/2012,English,Thriller,Watched,
The Sixth Sense,M. Night Shyamalan,Movie,4,4.1,3/25/2012,3/25/2012,English,Thriller,Watched,
Hey Ram,Kamal Haasan,Movie,4,4.0,3/25/2012,3/25/2012,Hindi,History,Watched,
Crash,Paul Haggis,Movie,4,3.9,3/25/2012,3/25/2012,English,Drama,Watched,
Moneyball,Bennett Miller,Movie,4,3.8,3/25/2012,3/25/2012,English,Sport,Watched,
13 Assassins,Takashi Miike,Movie,4,3.8,3/25/2012,3/25/2012,Japanese,Drama,Watched,
The Devil's Advocate,Taylor Hackford,Movie,4,3.8,3/25/2012,3/25/2012,English,Thriller,Watched,
The Mummy Returns,Stephen Sommers,Movie,4,3.2,3/25/2012,3/25/2012,English,Fantasy,Watched,
The Bicycle Thief,Vittorio De Sica,Movie,5,4.2,3/25/2012,3/25/2012,English,Drama,Watched,
Brokeback Mountain,Ang Lee,Movie,5,3.9,3/25/2012,3/25/2012,English,Romance,Watched,
Baazigar,"Abbas Alibhai Burmawalla, Mastan Alibhai Burmawalla",Movie,2,3.9,3/23/2012,3/23/2012,Hindi,Romance,Watched,
Taare Zameen Par,"Aamir Khan, Amole Gupte",Movie,4,4.2,3/23/2012,3/23/2012,Hindi,Drama,Watched,
A Wednesday,Neeraj Pandey,Movie,4,4.1,3/23/2012,3/23/2012,Hindi,Thriller,Watched,
Shutter Island,Martin Scorsese,Movie,4,4.1,3/23/2012,3/23/2012,English,Horror,Watched,
Beginners,Mike Mills,Movie,3,3.6,3/20/2012,3/20/2012,English,Comedy,Watched,
Analyze This,Harold Ramis,Movie,3,3.4,3/20/2012,3/20/2012,English,"Comedy, Family",Watched,
Office Space,Mike Judge,Movie,4,3.9,3/20/2012,3/20/2012,English,Comedy,Watched,
American Pie,"Paul Weitz, Chris Weitz",Movie,4,3.5,3/20/2012,3/20/2012,English,Comedy,Watched,
My Cousin Vinny,Jonathan Lynn,Movie,5,3.8,3/20/2012,3/20/2012,English,"Comedy, Family",Watched,
Brooklyn's Finest,Antoine Fuqua,Movie,4,3.4,3/19/2012,3/19/2012,English,Crime,Watched,
Andaz Apna Apna,Rajkumar Santoshi,Movie,4,4.1,3/12/2012,3/12/2012,English,Comedy,Watched,
About a Boy,"Paul Weitz, Chris Weitz",Movie,4,3.6,3/12/2012,3/12/2012,English,Comedy,Watched,
Scarface,Brian De Palma,Movie,2,4.2,3/11/2012,3/11/2012,English,Crime,Watched,
Cape Fear,Martin Scorsese,Movie,3,3.7,3/11/2012,3/11/2012,English,Thriller,Watched,
Se7en,David Fincher,Movie,4,4.3,3/11/2012,3/11/2012,English,Thriller,Watched,
Heat,Michael Mann,Movie,4,4.1,3/11/2012,3/11/2012,English,Thriller,Watched,
Sleepers,Barry Levinson,Movie,4,3.8,3/11/2012,3/11/2012,English,Thriller,Watched,
The Trip,Michael Winterbottom,Movie,4,3.5,3/11/2012,3/11/2012,English,Comedy,Watched,
The Godfather,Francis Ford Coppola,Movie,5,4.6,3/11/2012,3/11/2012,English,Crime,Watched,
Donnie Brasco,Mike Newell,Movie,5,3.9,3/11/2012,3/11/2012,English,Biography,Watched,
Sin nombre,Cary Joji Fukunaga,Movie,5,3.8,3/11/2012,3/11/2012,Spanish,Drama,Watched,
Collateral,Michael Mann,Movie,5,3.8,3/11/2012,3/11/2012,English,Thriller,Watched,
Bheja Fry,Sagar Ballary,Movie,1,3.9,3/6/2012,3/6/2012,Hindi,Comedy,Watched,
The Royal Tenenbaums,Wes Anderson,Movie,2,3.8,3/6/2012,3/6/2012,English,Comedy,Watched,
Raajneeti,Prakash Jha,Movie,2,3.6,3/6/2012,3/6/2012,Hindi,Crime,Watched,
Gladiator,Ridley Scott,Movie,3,4.3,3/6/2012,3/6/2012,English,Drama,Watched,
Rang De Basanti,Rakeysh Omprakash Mehra,Movie,3,4.1,3/6/2012,3/6/2012,Hindi,Drama,Watched,
Guru,Mani Ratnam,Movie,3,3.9,3/6/2012,3/6/2012,Hindi,Drama,Watched,
Adaptation.,Spike Jonze,Movie,3,3.9,3/6/2012,3/6/2012,English,Drama,Watched,
Bloody Sunday,Paul Greengrass,Movie,3,3.9,3/6/2012,3/6/2012,English,History,Watched,
Jodhaa Akbar,Ashutosh Gowariker,Movie,3,3.8,3/6/2012,3/6/2012,Hindi,Romance,Watched,
Shor in the City,"Raj Nidimoru, Krishna D.K.",Movie,3,3.7,3/6/2012,3/6/2012,Hindi,Thriller,Watched,
Unbreakable,M. Night Shyamalan,Movie,3,3.7,3/6/2012,3/6/2012,English,Sci-Fi,Watched,
Gosford Park,Robert Altman,Movie,3,3.7,3/6/2012,3/6/2012,English,Drama,Watched,
Dhobi Ghat,Kiran Rao,Movie,3,3.6,3/6/2012,3/6/2012,Hindi,Drama,Watched,
The Lord of the Rings: The Fellowship of the Ring,Peter Jackson,Movie,4,4.4,3/6/2012,3/6/2012,English,Fantasy,Watched,
The Lord of the Rings: The Two Towers,Peter Jackson,Movie,4,4.4,3/6/2012,3/6/2012,English,Fantasy,Watched,
Amelie,Jean-Pierre Jeunet,Movie,4,4.2,3/6/2012,3/6/2012,French,Romance,Watched,
Munna Bhai M.B.B.S.,Rajkumar Hirani,Movie,4,4.1,3/6/2012,3/6/2012,Hindi,Comedy,Watched,
Black,Sanjay Leela Bhansali,Movie,4,4.1,3/6/2012,3/6/2012,Hindi,Drama,Watched,
Infernal Affairs,"Andrew Lau, Alan Mak",Movie,4,4.1,3/6/2012,3/6/2012,Chinese,Thriller,Watched,
Mulholland Dr.,David Lynch,Movie,4,4.0,3/6/2012,3/6/2012,English,Thriller,Watched,
No Man's Land,Danis Tanovic,Movie,4,4.0,3/6/2012,3/6/2012,Serbian,War,Watched,
"Crouching Tiger, Hidden Dragon",Ang Lee,Movie,4,4.0,3/6/2012,3/6/2012,Chinese,Fantasy,Watched,
Cast Away,Robert Zemeckis,Movie,4,3.9,3/6/2012,3/6/2012,English,Adventure,Watched,
"O Brother, Where Art Thou?","Joel Coen, Ethan Coen",Movie,4,3.9,3/6/2012,3/6/2012,English,Music,Watched,
Minority Report,Steven Spielberg,Movie,4,3.9,3/6/2012,3/6/2012,English,Sci-Fi,Watched,
Y tu mama tambien,Alfonso Cuaron,Movie,4,3.9,3/6/2012,3/6/2012,Spanish,Drama,Watched,
Billy Elliot,Stephen Daldry,Movie,4,3.9,3/6/2012,3/6/2012,English,Music,Watched,
Traffic,Steven Soderbergh,Movie,4,3.8,3/6/2012,3/6/2012,English,Crime,Watched,
The Hours,Stephen Daldry,Movie,4,3.8,3/6/2012,3/6/2012,English,Drama,Watched,
High Fidelity,Stephen Frears,Movie,4,3.8,3/6/2012,3/6/2012,English,Music,Watched,
Khakee,Rajkumar Santoshi,Movie,4,3.8,3/6/2012,3/6/2012,Hindi,Thriller,Watched,
Kaminey,Vishal Bhardwaj,Movie,4,3.7,3/6/2012,3/6/2012,Hindi,Crime,Watched,
In the Bedroom,Todd Field,Movie,4,3.7,3/6/2012,3/6/2012,English,Drama,Watched,
Vanilla Sky,Cameron Crowe,Movie,4,3.5,3/6/2012,3/6/2012,English,Thriller,Watched,
Memento,Christopher Nolan,Movie,5,4.3,3/6/2012,3/6/2012,English,Thriller,Watched,
A Separation,Asghar Farhadi,Movie,5,4.2,3/6/2012,3/6/2012,Persian,Drama,Watched,
Snatch,Guy Ritchie,Movie,5,4.2,3/6/2012,3/6/2012,English,Comedy,Watched,
Nine Queens,Fabian Bielinsky,Movie,5,4.0,3/6/2012,3/6/2012,English,Thriller,Watched,
In America,Jim Sheridan,Movie,5,3.9,3/6/2012,3/6/2012,English,Drama,Watched,
Road to Perdition,Sam Mendes,Movie,5,3.9,3/6/2012,3/6/2012,English,Crime,Watched,
The Others,Alejandro Amenabar,Movie,5,3.8,3/6/2012,3/6/2012,English,"Horror, Family",Watched,
Star Trek,J.J. Abrams,Movie,3,4.0,2/26/2012,2/26/2012,English,Fantasy,Watched,
Rocket Singh: Salesman of the Year,Shimit Amin,Movie,3,3.8,2/26/2012,2/26/2012,Hindi,Comedy,Watched,
Mission: Impossible - Ghost Protocol,Brad Bird,Movie,3,3.7,2/26/2012,2/26/2012,English,Thriller,Watched,
The Adventures of Tintin,Steven Spielberg,Movie,3,3.7,2/26/2012,2/26/2012,English,Fantasy,Watched,
Friends,"David Crane, Marta Kauffman",Series,4,4.5,2/26/2012,2/26/2012,English,Romance,Watched,
A Beautiful Mind,Ron Howard,Movie,4,4.1,2/26/2012,2/26/2012,English,Biography,Watched,
Zindagi Na Milegi Dobara,Zoya Akhtar,Movie,4,4.1,2/26/2012,2/26/2012,Hindi,Comedy,Watched,
Scent of a Woman,Martin Brest,Movie,4,4.0,2/26/2012,2/26/2012,English,Drama,Watched,
Rain Man,Barry Levinson,Movie,4,4.0,2/26/2012,2/26/2012,English,Drama,Watched,
The Artist,Michel Hazanavicius,Movie,4,4.0,2/26/2012,2/26/2012,English,Comedy,Watched,
When Harry Met Sally...,Rob Reiner,Movie,4,3.8,2/26/2012,2/26/2012,English,Romance,Watched,
Easy A,Will Gluck,Movie,4,3.6,2/26/2012,2/26/2012,English,Comedy,Watched,
Luck by Chance,Zoya Akhtar,Movie,4,3.6,2/26/2012,2/26/2012,Hindi,Drama,Watched,
"Road, Movie",Dev Benegal,Movie,4,3.5,2/26/2012,2/26/2012,English,Drama,Watched,
No Strings Attached,Ivan Reitman,Movie,4,3.1,2/26/2012,2/26/2012,English,Romance,Watched,
Arrested Development,Mitchell Hurwitz,Series,5,4.5,2/26/2012,2/26/2012,English,Comedy,Watched,
Seinfeld,"Larry David, Jerry Seinfeld",Series,5,4.5,2/26/2012,2/26/2012,English,Comedy,Watched,
Forrest Gump,Robert Zemeckis,Movie,5,4.4,2/26/2012,2/26/2012,English,"Drama, Family",Watched,
The Office,Greg Daniels,Series,5,4.4,2/26/2012,2/26/2012,English,Comedy,Watched,
The Sea Inside,Alejandro Amenabar,Movie,5,4.0,2/26/2012,2/26/2012,Spanish,Drama,Watched,
The Bourne Ultimatum,Paul Greengrass,Movie,5,4.0,2/26/2012,2/26/2012,English,Thriller,Watched,
Delhi Belly,"Abhinay Deo, Akshat Verma",Movie,5,3.8,2/26/2012,2/26/2012,Hindi,Comedy,Watched,
United 93,Paul Greengrass,Movie,5,3.8,2/26/2012,2/26/2012,English,History,Watched,
Welcome to Sajjanpur,Shyam Benegal,Movie,5,3.5,2/26/2012,2/26/2012,Hindi,Comedy,Watched,
The Shining,Stanley Kubrick,Movie,5,4.1,3/1/2010,3/28/2020,English,"Horror, Family",Watched,